PROVINCIA;MUNICIPIO;ESTACION;MAGNITUD;PUNTO_MUESTREO;ANNO;MES;D01;D02;D03;D04;D05;D06;D07;D08;D09;D10;D11;D12;D13;D14;D15;D16;D17;D18;D19;D20;D21;D22;D23;D24;D25;D26;D27;D28;D29;D30;D31
15;30;1;27;15030001_27_M;2020;2;;;;;;;;;;;;;;;;;;;;;;;;;;;;;;;
15;30;1;27;15030001_27_M;2020;3;;;;;;;;;;;;;;;;;;;;;;;;;;;;;;;
15;30;1;27;15030001_27_M;2020;4;;;;;;;;;;;;;;;;;;;;;;;;;;;;;;;
15;30;1;27;15030001_27_M;2020;5;;;;;;;;;;;;;;;;;;;;;;;;;;;;;;;
15;30;1;27;15030001_27_M;2020;6;;;;;;;;;;;;;;;;;;;;;;;;;;;;;;;
15;30;1;27;15030001_27_M;2020;7;;;;;;;;;;;;;;;;;;;;;;;;;;;;;;;
15;30;1;27;15030001_27_M;2020;8;;;;;;;;;;;;;;;;;;;;;;;;;;;;;;;
15;30;1;27;15030001_27_M;2020;11;;;;;;;;;;;;;;;;;;;;;;;;;;;;;;;
15;30;1;27;15030001_27_M;2020;1;;;;;;;;;;;;;;;;;;;;;;;;;;;;;;;
15;30;1;27;15030001_27_M;2020;9;;;;;;;;;;;;;;;;;;;;;;;;;;;;;;;
15;30;1;27;15030001_27_M;2020;12;;;;;;;;;;;;;;;;;;;;;;;;;;;;;;;
15;30;1;27;15030001_27_M;2020;10;;;;;;;;;;;;;;;;;;;;;;;;;;;;;;;
7;32;3;27;07032003_27_M;2020;5;;;;;;;;;;;;;;;;;;;;;;;;;;;;;;;
7;32;3;27;07032003_27_M;2020;1;;;;;;;;;;;;;;;;;;;;;;;;;;;;;;0.07;0.07
7;32;3;27;07032003_27_M;2020;2;0.07;0.07;0.07;0.07;0.07;0.14;0.07;0.07;0.07;0.07;0.07;0.07;0.07;;;;;;;;;;;;;;;;;;
7;32;3;27;07032003_27_M;2020;3;;;;;;;;;;;;;;;;;;;;;;;;;;;;;;;
7;32;3;27;07032003_27_M;2020;4;;;;;;;;;;;;;;;;;;;;;;;;;;;;;;;
7;32;3;27;07032003_27_M;2020;6;;;;;;;;;;;;;;;;;;;;;;;;;;;;;;;
7;32;3;27;07032003_27_M;2020;7;;;;;;;;;;;;;;;;;;;;;;;0.07;0.07;0.07;0.07;0.07;0.07;0.07;0.07;0.07
7;32;3;27;07032003_27_M;2020;8;0.07;0.07;0.07;0.07;0.07;0.07;;;;;;;;;;;;;;;;;;;;;;;;;
7;32;3;27;07032003_27_M;2020;9;;;;;;;;;;;;;;;;;;;;;;;;;;;;;;;
7;32;3;27;07032003_27_M;2020;10;;;;;;;;;;;;;;;;;;;;;;;;;;;;;;;
7;32;3;27;07032003_27_M;2020;11;;;;;;;;;;;;;;;;;;;;;;;;;;;;;;;
7;32;3;27;07032003_27_M;2020;12;;;;;;;;;;;;;;;;;;;;;;;;;;;;;;;
47;186;27;27;47186027_27_M;2020;8;;;;0.01;0.01;0.01;0.01;0.01;0.01;0.01;0.01;0.01;0.01;0.01;0.01;0.01;0.01;0.01;0.01;0.01;0.01;0.01;0.01;0.01;0.01;0.01;0.01;0.01;0.01;0.01;0.01
47;186;27;27;47186027_27_M;2020;1;0.14;0.75;0.42;0.08;0.11;0.21;0.46;0.76;0.5;0.26;0.45;0.05;0.14;;0.19;0.05;0.18;0.07;0.01;0.01;0.01;0.01;0.11;0.23;0.08;0.06;;;;;
47;186;27;27;47186027_27_M;2020;2;;;;;;;;;;;;;;;;;;0.12;0.15;0.11;0.08;0.09;0.07;0.16;0.01;0.01;0.07;0.15;0.01;;
47;186;27;27;47186027_27_M;2020;3;0.17;0.01;0.01;0.01;0.01;0.01;0.1;0.1;0.09;0.19;0.17;0.01;0.01;0.06;0.06;0.01;0.01;0.01;0.01;0.01;0.01;0.01;0.01;0.01;0.01;0.01;0.01;0.01;0.01;0.01;
47;186;27;27;47186027_27_M;2020;4;0.01;0.01;0.01;0.01;0.01;0.01;0.01;0.01;0.01;0.01;0.01;0.01;0.01;0.01;0.01;;0.01;0.01;0.01;0.01;0.01;0.01;0.01;0.01;0.01;0.01;0.01;0.01;0.01;0.01;
47;186;27;27;47186027_27_M;2020;5;0.01;0.01;0.01;0.01;0.01;0.01;0.01;0.01;0.01;0.01;0.01;0.01;0.01;0.01;0.01;0.01;0.01;0.01;0.01;0.01;0.01;0.01;0.01;0.01;0.01;0.01;0.01;0.01;0.01;0.01;0.01
47;186;27;27;47186027_27_M;2020;6;0.01;0.01;0.01;0.01;0.01;0.01;0.01;;;;;0.01;0.01;0.01;0.01;0.01;0.01;0.01;0.01;0.01;0.01;0.01;0.01;0.01;0.01;0.01;0.01;0.01;0.01;0.01;
47;186;27;27;47186027_27_M;2020;7;0.01;0.01;0.01;0.01;0.01;0.01;0.01;0.01;0.01;0.01;0.01;0.01;0.01;0.01;0.01;0.01;0.01;0.01;0.01;0.01;0.01;0.01;0.01;0.01;0.01;0.01;0.01;0.01;0.01;;
47;186;27;27;47186027_27_M;2020;9;0.01;0.01;0.01;0.01;0.01;0.01;0.01;;;;0.35;0.01;0.01;0.01;0.01;0.01;0.01;;;0.01;0.01;0.01;0.01;0.01;0.01;0.01;0.01;0.01;0.01;0.05;
47;186;27;27;47186027_27_M;2020;10;0.01;0.01;0.01;0.01;0.01;0.01;0.01;0.01;0.01;0.01;0.01;0.01;0.01;0.15;0.08;0.07;0.15;0.11;0.05;0.01;0.01;;0.01;0.01;0.01;0.01;0.01;0.05;0.07;0.07;0.07
47;186;27;27;47186027_27_M;2020;11;0.09;0.15;0.01;0.01;0.01;;0.09;0.09;0.1;0.18;0.18;0.05;0.12;0.19;;0.05;0.07;0.26;0.17;0.05;0.18;0.16;0.13;0.24;0.12;0.18;0.08;0.07;0.07;0.09;
47;186;27;27;47186027_27_M;2020;12;0.31;0.3;0.31;0.01;0.04;0.01;0.01;0.01;0.08;0.07;0.04;0.07;0.07;0.06;0.07;0.1;0.29;0.26;;0.26;0.23;0.24;0.1;0.27;0.05;0.17;0.18;0.01;0.12;0.14;0.08
8;19;53;27;08019053_27_M;2020;1;0.09;;;0.099;;0.062;;;;;0.121;;0.078;;0.089;;;0.055;;0.05;;0.05;;;0.059;;0.05;;0.066;;
8;19;53;27;08019053_27_M;2020;2;0.05;;0.067;;0.05;;;0.056;;;;;;;0.05;;0.05;;0.05;;;0.05;;0.054;;0.05;;;0.05;;
8;19;53;27;08019053_27_M;2020;3;;0.05;;0.05;;;0.05;;0.05;;0.08;;;0.05;;;;;;0.05;;;;0.05;;;;0.05;;;
8;19;53;27;08019053_27_M;2020;4;0.05;;;;0.05;;;;0.05;;;;;;0.05;;;;0.05;;;;;;0.05;;;;;;
8;19;53;27;08019053_27_M;2020;5;;;;;;0.05;;;0.05;;0.05;;0.05;;;0.05;;0.05;;0.05;;;0.05;;0.05;;0.05;;;0.05;
8;19;53;27;08019053_27_M;2020;6;0.05;;;0.05;;;0.05;;0.05;;0.05;;;0.05;;0.05;;0.05;;;0.05;;;0.05;;;;0.05;;;
8;19;53;27;08019053_27_M;2020;7;;;;;;;;;;;;;;;;;;;;;;;;;;;;;;;
8;19;53;27;08019053_27_M;2020;8;;;;;;;;;;;;;;;;;;;;;;;;;;;;;;;
8;19;53;27;08019053_27_M;2020;9;;;;;;;;;;;;;;;;;;;;;;;;;;;;;;;
8;19;53;27;08019053_27_M;2020;10;;;;;;;;;;;;;;;;;;;;;;;;;;;;;;;
8;19;53;27;08019053_27_M;2020;11;;;;;;;;;;;;;;;;;;;;;;;;;;;;;;;
8;19;53;27;08019053_27_M;2020;12;;;;;;;;;;;;;;;;;;;;;;;;;;;;;;;
8;19;55;27;08019055_27_M;2020;1;0.142;;;;;;;;;;0.122;;;;0.617;;;0.085;;0.05;;0.05;;;0.185;;0.118;;0.211;;
8;19;55;27;08019055_27_M;2020;2;0.237;;0.286;;0.153;;;0.087;;0.115;;0.05;;;0.05;;0.05;;0.077;;;0.05;;0.126;;0.05;;;0.095;;
8;19;55;27;08019055_27_M;2020;3;;0.05;;0.052;;;0.05;;;0.05;;0.07;;;0.05;;;;;;;;;;;;;;;;
8;19;55;27;08019055_27_M;2020;4;;;;;;;;;;;;;;;;;;;;;;;;;;;;;;;
8;19;55;27;08019055_27_M;2020;5;;;;;;;;;;;;;;;;;;;;;;;;;;;;;;;
8;19;55;27;08019055_27_M;2020;6;;;;;;;;;;;0.05;;;0.05;;;;0.05;;;0.05;;;0.05;;;;0.05;;;
8;19;55;27;08019055_27_M;2020;7;0.05;;;0.05;;0.05;;0.05;;;0.05;;0.05;;0.05;;;0.05;;0.05;;0.05;;;;;;;;;
8;19;55;27;08019055_27_M;2020;8;0.05;;0.05;;0.05;;0.05;;0.05;;0.05;;0.05;;0.05;;0.05;;0.05;;;;;;;;;;;;
8;19;55;27;08019055_27_M;2020;9;;;0.05;;;0.05;;0.05;;;;0.057;;0.066;;0.05;;;0.05;;0.05;;0.05;;;;0.05;;0.05;;
8;19;55;27;08019055_27_M;2020;10;;;0.05;;;0.05;;;;;;;;;;;0.111;;0.05;;0.05;;;0.082;;;;;;;0.166
8;19;55;27;08019055_27_M;2020;11;;;;0.106;;;0.05;;0.184;;;;;;;;;0.208;;;0.246;;0.157;;0.246;;;0.05;;;
8;19;55;27;08019055_27_M;2020;12;0.183;;0.087;;;0.052;;;;;;0.067;;0.517;;0.309;;;;0.051;;0.22;;0.111;;0.13;;0.05;;0.05;
8;96;14;27;08096014_27_M;2020;1;;1.25;;0.97;;0.97;;0.83;;0.38;;1.39;;0.7;;;;0.83;;;;;;0.63;;;;;;0.63;
8;96;14;27;08096014_27_M;2020;2;0.15;;0.18;;;;0.24;;;;0.14;;;;0.17;;;;0.14;;;;;;;;0.39;;;;
8;96;14;27;08096014_27_M;2020;3;;;;;0.28;;0.14;;0.14;;0.19;;;;;;0.14;;0.14;;;;0.14;;0.14;;;;;;0.18
8;96;14;27;08096014_27_M;2020;4;;0.14;;;;0.14;;0.14;;;;;;0.14;;0.14;;;;0.15;;0.14;;0.14;;0.14;;0.14;;;
8;96;14;27;08096014_27_M;2020;5;0.14;;;;0.14;;0.14;;;;0.14;;0.14;;;;;;0.14;;0.14;;;;0.14;;0.14;;;;
8;96;14;27;08096014_27_M;2020;6;;;0.14;;0.14;;;;0.14;;0.14;;;;;;0.14;;0.14;;0.14;;0.14;;0.14;;;;;;
8;96;14;27;08096014_27_M;2020;7;;;;;;;0.14;;0.14;;;;0.14;;;;0.14;;;;0.14;;0.14;;;;0.14;;;;
8;96;14;27;08096014_27_M;2020;8;;;;0.14;;0.14;;0.14;;0.14;;0.14;;;;;;0.14;;0.14;;;;0.14;;0.14;;;;;
8;96;14;27;08096014_27_M;2020;9;;;0.14;;0.14;;0.14;;0.14;;;;;;0.14;;0.14;;;;0.14;;0.14;;;;;;0.14;;
8;96;14;27;08096014_27_M;2020;10;0.14;;;;0.14;;0.14;;;;;;0.14;;0.14;;;;;;0.14;;0.19;;;;0.21;;0.19;;
8;96;14;27;08096014_27_M;2020;11;;;0.14;;0.14;;;;0.14;;0.4;;;;;;0.38;;0.29;;;;0.69;;0.47;;;;;;
8;96;14;27;08096014_27_M;2020;12;0.33;;0.83;;;;0.44;;0.49;;;;;;0.64;;0.68;;;;0.36;;0.58;;;;;;0.56;;0.57
8;307;6;27;08307006_27_M;2020;1;;;;;;;;;0.15;;;;;0.34;;;;;;;;;;;;;;;0.25;;
8;307;6;27;08307006_27_M;2020;2;;;0.14;;;;;;;;;;;0.14;;;;0.14;;;;;;;;;;;;;
8;307;6;27;08307006_27_M;2020;3;;;0.14;;;0.14;0.14;;0.14;;;;0.14;;;;;0.14;;;;;0.14;;0.14;;;;;;
8;307;6;27;08307006_27_M;2020;4;;;;;;;;;0.14;;;;;;0.14;;0.14;;;0.14;;;;;;;;0.14;0.14;;
8;307;6;27;08307006_27_M;2020;5;;;;;;0.14;;;;;;0.14;;;;;;;;;;0.14;;;;;;;;;
8;307;6;27;08307006_27_M;2020;6;;0.14;;0.14;;;;;0.14;;;;;;;;;;0.14;;;0.14;;;;;;;;;
8;307;6;27;08307006_27_M;2020;7;;;;;;;;0.15;;;;;;0.14;;;;;;;0.14;;;;;;0.14;;;;
8;307;6;27;08307006_27_M;2020;8;;;;0.14;;;;;;;;;;;;;;;0.14;;0.14;;;;;;;0.14;;;
8;307;6;27;08307006_27_M;2020;9;;0.14;;;;;;;0.14;;;;;0.14;;;;;;;;;0.14;;;;;;0.14;;
8;307;6;27;08307006_27_M;2020;10;0.14;;;;;;;;;;;;;0.14;;;;;;0.14;;;;;;;;;0.15;;
8;307;6;27;08307006_27_M;2020;11;;;;;;;;;;;0.14;;;;;0.14;;0.15;;;;;;;;;0.14;;;;
8;307;6;27;08307006_27_M;2020;12;0.14;;;;;;;;;0.17;;;;;0.23;;;;;;;;;;;;;;0.14;;
43;47;1;27;43047001_27_M;2020;1;;0.35;;0.25;;;;0.51;;;;;;0.73;;0.43;;0.14;;;;;;0.23;;;;;;0.14;
43;47;1;27;43047001_27_M;2020;2;;;;;;;;;0.14;;0.14;;;;;;;;0.14;;;;;;;;;;;;
43;47;1;27;43047001_27_M;2020;3;;0.14;;;;;;;;;;;;0.14;;;;;;;;0.14;;;;0.14;;0.14;;0.14;
43;47;1;27;43047001_27_M;2020;4;;;;;;;;;;;0.14;;;;;;;;;;;;;;0.14;;;;0.14;;
43;47;1;27;43047001_27_M;2020;5;;;;;0.14;;;;;;;;;;;;0.14;;;;0.14;;;;0.14;;;;;;
43;47;1;27;43047001_27_M;2020;6;;;;0.14;;;;;;0.13;;;;;;0.18;;;;;;;;;;;;;;;
43;47;1;27;43047001_27_M;2020;7;;;;;;;;;;;;;0.14;;;;;;;;;;0.14;;;;;;0.14;;0.14
43;47;1;27;43047001_27_M;2020;8;;;;;;;0.14;;;;;;0.16;;;;;;0.14;;;;;;;;0.14;;;;
43;47;1;27;43047001_27_M;2020;9;;0.14;;;;;;;;;;0.14;;;;0.14;;;;;;;;0.14;;;;0.14;;;
43;47;1;27;43047001_27_M;2020;10;;;;;;;;0.14;;;;;;0.14;;;;;;;;;;;;;0.14;0.14;;;
43;47;1;27;43047001_27_M;2020;11;;;;;0.14;;;;;;;;0.14;;;;;;0.24;;;;0.14;;;;;;;;
43;47;1;27;43047001_27_M;2020;12;0.14;;;;;;;;0.14;;;;;;;;0.37;;;;0.35;;;;;;;;;;0.14
8;113;2;27;08113002_27_M;2020;1;;;;;;;;;0.72;;;;;;0.88;;;;;;0.15;;;;;;;;;;0.33
8;113;2;27;08113002_27_M;2020;2;;;;;;0.38;;;;0.2;;;;;;;;0.14;;;;0.15;;;;0.14;;;;;
8;113;2;27;08113002_27_M;2020;3;;;;;0.14;;;;;;0.14;;;;;;;;0.14;;;;0.14;;;;;;;;0.14
8;113;2;27;08113002_27_M;2020;4;;;;;;;;0.14;;;;;;;;;;;0.14;;;;0.14;;;;;;0.14;;
8;113;2;27;08113002_27_M;2020;5;;;;;;;0.14;;;;0.14;;;;;;;;0.14;;;;;;;;0.14;;;;
8;113;2;27;08113002_27_M;2020;6;;;;0.14;;;;;;0.14;;;;;;0.14;;;;;;0.14;;;;0.14;;;;;
8;113;2;27;08113002_27_M;2020;7;;;;;;;;;0.14;;;;;;;;;;0.14;;;;0.14;;;;;;;;
8;113;2;27;08113002_27_M;2020;8;;;;;;0.14;;;;;;0.14;;;;;;0.14;;;;;;0.14;;;;;;0.14;
8;113;2;27;08113002_27_M;2020;9;;;0.14;;;;;;0.14;;;;;;0.14;;;;;;;;;;0.14;;;;;;
8;113;2;27;08113002_27_M;2020;10;0.14;;;;0.14;;;;;;;;;0.16;;;;;;;;;;;;;;;;;
8;113;2;27;08113002_27_M;2020;11;;;;;;;;;;0.26;;;;0.14;;;;0.14;;0.48;;;;1.01;;;;;;0.4;
8;113;2;27;08113002_27_M;2020;12;;;;0.69;;;;;;0.46;;;;;;1.89;;;;0.17;;;;;;;;;;0.2;
8;282;1;27;08282001_27_M;2020;1;;;;;;;;0.14;0.14;;;;;0.14;;;;;;;;;;;;;;0.14;;;
8;282;1;27;08282001_27_M;2020;2;;;;;0.14;;;;;0.14;;;;;;;;0.14;;;;;;;;0.14;;;;;
8;282;1;27;08282001_27_M;2020;3;;0.14;;;;;;;;0.14;;;;;;;;0.14;;;;;0.14;;;;;;;;
8;282;1;27;08282001_27_M;2020;4;0.14;;;;;;0.14;;;;;;;;0.14;;;;;0.14;0.14;;;;;;;0.14;;;
8;282;1;27;08282001_27_M;2020;5;;;;0.14;;;;;;;;0.14;;;;;0.14;;;;;;;;;0.14;;;;;
8;282;1;27;08282001_27_M;2020;6;;;0.14;;;;;;0.14;;;;;;0.14;;;;;;;;;;0.14;;;;;0.14;
8;282;1;27;08282001_27_M;2020;7;;;;;;0.14;;;;;;;0.16;;;;;;;;;;;;;0.14;;;;0.14;
8;282;1;27;08282001_27_M;2020;8;;;;;0.14;;;;;;;;0.14;;;;;;0.14;;;;;;0.14;;;;;;0.14
8;282;1;27;08282001_27_M;2020;9;;;;;;;;;;0.14;;;;;;0.14;;;;;;;;;0.14;;;;;;
8;282;1;27;08282001_27_M;2020;10;0.14;;;;;;0.14;;;;;;0.14;;;;;;0.14;;;;;;;;;;0.14;;
8;282;1;27;08282001_27_M;2020;11;;;;0.14;;;;;;;;0.14;;;;;;;;0.17;;;;;;0.14;;;;0.14;
8;282;1;27;08282001_27_M;2020;12;;;;;;;;;;0.15;;;;;;0.14;;;;;;0.14;;;;;;0.14;;;
17;44;6;27;17044006_27_M;2020;1;2.5;;1.32;;;;;;1.75;;;;;;0.14;;;;0.39;;0.16;;;;1.74;;;;2.03;;1.74
17;44;6;27;17044006_27_M;2020;2;;;;;;1.17;;0.65;;;;;;1.3;;0.14;;;;;;;;;;;0.68;;;;
17;44;6;27;17044006_27_M;2020;3;;;;;;;;;;;;;;;;;;;;;;;;;;;;;;;
17;44;6;27;17044006_27_M;2020;4;;;;;;;;;;;;;;;;;0.14;;0.14;;;;;;;;;;0.14;;
17;44;6;27;17044006_27_M;2020;5;;;;;;;;;;;;;;;;0.15;;0.14;;0.14;;0.14;;0.14;;;;0.14;;0.14;
17;44;6;27;17044006_27_M;2020;6;;;0.14;0.14;0.14;0.14;;0.14;;;;;;;;;;;;;;;;;;;;;;;
17;44;6;27;17044006_27_M;2020;7;;;;;;;;;;;;0.14;;;;;;0.14;;;;0.14;;;;0.14;;;;;
17;44;6;27;17044006_27_M;2020;8;;;;;0.14;;;;;;;;0.14;;;;0.14;;;;;;;;0.14;;;;;;
17;44;6;27;17044006_27_M;2020;9;;0.14;;;;;;;;0.14;;;;0.14;;;;;;;;0.14;;;;;;;;;
17;44;6;27;17044006_27_M;2020;10;;0.14;;;;;;0.14;;;;0.14;;;;;;;;0.14;;;;;;;;0.4;;;
17;44;6;27;17044006_27_M;2020;11;;;;;0.14;;;;;;0.29;;;;;;0.46;;;;;;2.04;;;;0.14;;;;
17;44;6;27;17044006_27_M;2020;12;;;;;;;2.17;;;;;;;;;;0.62;;;;;;0.23;;;;;;0.86;;
46;131;2;27;46131002_27_M;2020;2;;;;;;;;;;;;;;;;;;;;;;;;;;;;;;;
46;131;2;27;46131002_27_M;2020;3;;;;;;;;;;;;;;;;;;;;;;;;;;;;;;;
46;131;2;27;46131002_27_M;2020;4;;;;;;;;;;;;;;;;;;;;;;;;;;;;;;0.04;
46;131;2;27;46131002_27_M;2020;5;;;;;;;;0.04;;;;;;;;;;;;;;;;;;;;;;;
46;131;2;27;46131002_27_M;2020;7;;;;;;;;;;;;;;;;;;;;;;;;;;;;;;;
46;131;2;27;46131002_27_M;2020;8;;;;;;;;;;;;0.04;;;;;;;;0.04;;;;0.04;;;;0.04;;;
46;131;2;27;46131002_27_M;2020;9;;;;;;;;;;;;;;;;;;;;;;;;;;;;;;;
46;131;2;27;46131002_27_M;2020;11;;;;;;;;0.1;;;;;;;;0.04;;;;0.14;;;;0.22;;;;;;;
46;131;2;27;46131002_27_M;2020;12;;;;;;;;;;;;;;;;;;;;;;;;;;;;;;;
46;131;2;27;46131002_27_M;2020;1;;;;;;;;;;;;;;;;;;;;;;;;;;;;;;;
46;131;2;27;46131002_27_M;2020;6;;;;;;;;;;;;;;;;;;;;;;;;;;;;;;;
46;131;2;27;46131002_27_M;2020;10;;;;;;;;;;;;;;;;;;;;;;;;;;;;;;;
3;9;6;27;03009006_27_M;2020;1;;;;;;;;;;;;;;;;;;;;;;;;;;;;;;;
3;9;6;27;03009006_27_M;2020;2;;;;;;;;;;;;;;;;;;;;;;;;;;;;;;;
3;9;6;27;03009006_27_M;2020;3;;;;;;;;;;;;;;;;;;;;;;;;;;;;;;;
3;9;6;27;03009006_27_M;2020;4;;;;;;;;;;;;;;;;;;;;;;;;;;;;;;0.04;
3;9;6;27;03009006_27_M;2020;5;;;;;;;;0.04;;;;;;;;;;;0.04;;;;;;;;0.04;;;;
3;9;6;27;03009006_27_M;2020;6;;;;;;;;;;;;;;;;;;;;;;;;;;;;;;;
3;9;6;27;03009006_27_M;2020;7;;;;;;;0.04;;;;0.04;;;;0.04;;;;0.04;;;;;;;;0.04;;;;
3;9;6;27;03009006_27_M;2020;8;;;;;;;;;;;;0.04;;0.04;;;;;;0.04;;;;0.04;;;;0.04;;;
3;9;6;27;03009006_27_M;2020;9;;;;;;;0.04;;;;;;;;;;;;;;;;;;;;;;;;
3;9;6;27;03009006_27_M;2020;10;;;;;;;;;;;;0.04;;;;;;;;;;;;;;;;;0.04;;
3;9;6;27;03009006_27_M;2020;11;;0.04;;;;;;0.07;;;;;;;;0.07;;;;0.08;;;;0.09;;;;;;;
3;9;6;27;03009006_27_M;2020;12;;;;;;;;;;;;;;;;;;;;;;;;;;;;;;;
12;40;15;27;12040015_27_M;2020;1;;;;;;;;;;;;;;;;;;;;;;;;;;;;;;;
12;40;15;27;12040015_27_M;2020;2;;0.1;;;;;;;;0.31;;;;;;;;;;;;;;;;;;;;;
12;40;15;27;12040015_27_M;2020;3;;;;;0.04;;;;0.04;;;;0.04;;;;;;;;;;;;;;;;;;
12;40;15;27;12040015_27_M;2020;4;;;;;;;;;;;;;;;;;;;;;;;;;;0.07;;;;;
12;40;15;27;12040015_27_M;2020;5;;;;;;;;0.04;;;;0.04;;;;0.04;;;;;;;;;;;;;;;
12;40;15;27;12040015_27_M;2020;6;;;;;;;;;;;;;0.04;;;;0.04;;;;;;;;;;;;;;
12;40;15;27;12040015_27_M;2020;7;;;0.04;;;;0.04;;;;;;;;;;;;;;;;;;;;0.04;;;;
12;40;15;27;12040015_27_M;2020;8;;;;;;0.04;;;;;;;;;;;;;;;;;;;;;;;;;
12;40;15;27;12040015_27_M;2020;9;;;;;;0.04;;;;;;;;;;;;;;;;;;;;;;;;;
12;40;15;27;12040015_27_M;2020;10;;;;;;;0.04;;;;;;;;0.04;;;;;;;;;;;;;;;;
12;40;15;27;12040015_27_M;2020;11;;;;;;;;0.09;;;;;;;;0.04;;;;0.08;;;;0.11;;;;;;;
12;40;15;27;12040015_27_M;2020;12;;;;;;;;;;;;;;;;;;;;;;;;;;;;;;;
46;250;50;27;46250050_27_M;2020;1;;;;;;;;;;;;;;;;;;;;;;;;;;;;;;;
46;250;50;27;46250050_27_M;2020;2;;0.07;;;;;;;;;;;;;;;;;;;;;;;;;;;;;
46;250;50;27;46250050_27_M;2020;3;;;;;0.04;;;;;;;22.0;0.04;;;;;;;;;;;;;;;;;;
46;250;50;27;46250050_27_M;2020;4;;;;;;;;;;;;;;;;;;;;;;;;;;;;;;;
46;250;50;27;46250050_27_M;2020;5;;;;;;;;0.04;;;;0.04;;;;0.04;;;;;;;;;;;;;;;
46;250;50;27;46250050_27_M;2020;7;;;0.04;;;;0.04;;;;0.04;;;;0.35;;;;0.04;;;;;;;;0.2;;;;
46;250;50;27;46250050_27_M;2020;8;;;;0.04;;0.04;;;;;;0.07;;;;;;;;;;;;;;;;0.04;;;
46;250;50;27;46250050_27_M;2020;10;;;;;;;0.1;;;;;;;;0.04;;;;;;;;0.04;;;;0.08;;;;
46;250;50;27;46250050_27_M;2020;11;;;;;;;;;;;;;;;;0.15;;;;0.23;;;;0.41;;;;;;;
46;250;50;27;46250050_27_M;2020;12;;;;;;;;;;;;;;;;;;;;;;;;;;;;;;;
46;250;50;27;46250050_27_M;2020;6;;;;;;;;;;;;;;;;;;;;;;;;;;;;;;;
46;250;50;27;46250050_27_M;2020;9;;;;;0.04;;;;;;;;;;;;;;;;;;;;;;;;;;
3;65;7;27;03065007_27_M;2020;1;;;;;;;;;;;;;;;;;;;;;;;;;;;;;;;
3;65;7;27;03065007_27_M;2020;2;;;;;;;;;;;;;;;;;;;;;;;;;;;;;;;
3;65;7;27;03065007_27_M;2020;3;;;;;;;;;;;;;;;;;;;;;;;;;;;;;;;
3;65;7;27;03065007_27_M;2020;4;;;;;;;;;;;;;;;;;;;;;;;;;;;;;;;
3;65;7;27;03065007_27_M;2020;5;;;;;;;;0.04;;;;0.04;;;;;;;;;;;;;;;;;;;
3;65;7;27;03065007_27_M;2020;6;;;;;;;;;;;;;;;;;;;;;;;;;;0.04;;;;0.04;
3;65;7;27;03065007_27_M;2020;7;;;;;;0.04;0.04;;0.04;;0.04;;;;0.04;;;;;;;;;;;;0.04;;;;
3;65;7;27;03065007_27_M;2020;8;;;;;;;0.04;;;;;0.04;;;;;;;;;;;;0.04;;;;0.04;;;
3;65;7;27;03065007_27_M;2020;9;;;;;;;0.04;;;;;;;;;;;;;;;;;;;;;;;;
3;65;7;27;03065007_27_M;2020;10;;;;;;;;;;;;;;;;;0.04;;0.04;;;;;;;;;;;0.07;
3;65;7;27;03065007_27_M;2020;11;0.09;;;;;;;;;;;;;;;0.04;;;;0.09;;;;0.17;;;;;0.18;;
3;65;7;27;03065007_27_M;2020;12;;0.15;;;;;;;;;;;;;;;;;;;;;;;;;;;;;
28;148;4;27;28148004_27_M;2020;1;;0.24;;0.142;;;;0.437;;0.38;;;;0.425;;0.366;;;;0.028;;0.028;;;;0.028;;0.028;;;
28;148;4;27;28148004_27_M;2020;2;0.028;;0.028;;;;0.112;;0.211;;;;0.098;;0.222;;;;0.056;;0.138;;;;0.261;;0.069;;;;
28;148;4;27;28148004_27_M;2020;3;;0.027;;0.027;;;;0.124;;0.179;;;;0.027;;0.027;;;;0.027;;0.028;;;;;;0.028;;0.055;
28;148;4;27;28148004_27_M;2020;4;;;0.027;;0.027;;;;0.082;;0.082;;;;0.123;;0.095;;;;0.027;;0.027;;;;0.122;;0.027;;
28;148;4;27;28148004_27_M;2020;5;;;0.027;;0.027;;;;0.027;;;;0.027;;;;0.027;;0.027;;;;0.027;;0.027;;;;0.027;;0.027
28;148;4;27;28148004_27_M;2020;6;;;;0.027;;0.027;;;;0.027;;0.028;;;;0.027;;0.027;;;;0.027;;0.027;;;;0.027;;0.027;
28;148;4;27;28148004_27_M;2020;7;;;;0.027;;0.027;;;;0.028;;0.027;;;;0.027;;0.027;;;;0.027;;0.027;;;;0.027;;0.027;
28;148;4;27;28148004_27_M;2020;8;0.027;;;;0.028;;0.027;;0.027;;;0.027;;;;0.027;;0.027;;;;0.027;;0.027;;;;0.027;;0.027;
28;148;4;27;28148004_27_M;2020;9;;;0.027;;0.027;;;;0.028;;0.027;;;;0.027;;0.027;;;;0.028;;0.027;;;;0.028;;0.028;;
28;148;4;27;28148004_27_M;2020;10;;;0.027;;0.055;;;;0.069;;0.028;;;;0.028;;0.181;;;;0.028;;0.098;;;;0.056;;0.098;;
28;148;4;27;28148004_27_M;2020;11;;0.18;;0.028;;;;0.181;;;0.196;;0.181;;;;0.238;;0.224;;;;0.435;;0.405;;;;0.21;;
28;148;4;27;28148004_27_M;2020;12;0.084;;;;0.028;;0.028;;;;0.11;;0.307;;0.111;;0.028;;0.196;;0.183;;;;;;;;;;
28;16;1;27;28016001_27_M;2020;1;0.028;;;;;;;0.028;;;;;;;0.028;;;;;;0.028;;;;;;0.028;;;;
28;16;1;27;28016001_27_M;2020;2;;0.028;;;;;;0.028;;;;;;0.028;;;;;;0.028;;;;;;0.028;;;;;
28;16;1;27;28016001_27_M;2020;3;;;0.028;;;;;;0.028;;;;;;0.028;;;;;;0.028;;;;;;0.028;;;;
28;16;1;27;28016001_27_M;2020;4;;0.028;;;;;;0.028;;;;;;0.028;;;;;;0.028;;;;;;0.028;;;;;
28;16;1;27;28016001_27_M;2020;5;;0.028;;;;;;0.028;;;;;;0.028;;;;;;0.028;;;;;;0.028;;;;;
28;16;1;27;28016001_27_M;2020;6;0.028;;;;;;0.028;;;;;;0.028;;;;;;0.028;;;;;;0.028;;;;;;
28;16;1;27;28016001_27_M;2020;7;0.028;;;;;;0.028;;;;;;0.028;;;;0.028;;;;;;0.028;;;;;;0.028;;
28;16;1;27;28016001_27_M;2020;8;;;;;;;;0.028;;;;;;;;0.028;;;;;;0.028;;;;;;;;0.028;
28;16;1;27;28016001_27_M;2020;9;;;;;;;0.028;;;;;;;;0.028;;;;;;;;0.028;;;;;;;;
28;16;1;27;28016001_27_M;2020;10;0.028;;;;;;;;0.028;;;;;;;;0.028;;;;;;;;0.028;;;;;;
28;16;1;27;28016001_27_M;2020;11;;0.028;;;;;;;;;;;;;;;0.028;;;;;;;;;;;;;;
28;16;1;27;28016001_27_M;2020;12;;0.028;;;;;;;;;;;;;;;0.028;;;;;;;;0.028;;;;;;
10;37;1;27;10037001_27_M;2020;1;;0.11;;;;;0.19;;;;;0.12;;;;;0.033;;;;;;;;;;0.051;;;;
10;37;1;27;10037001_27_M;2020;2;0.017;;;;;0.031;;;;;0.03;;;;;;0.043;;;;;;;;;;;;;;
10;37;1;27;10037001_27_M;2020;3;;;0.013;;;;;;;;;;0.026;;;;;0.017;;;;;0.011;;;;;0.021;;;
10;37;1;27;10037001_27_M;2020;4;;;;;;;;;;;;;;;;;0.019;;;;0.017;;;;;0.02;;;;;
10;37;1;27;10037001_27_M;2020;5;0.016;;;;;;;0.017;;;;;;0.016;;;;;;;;;;;0.017;;;;;0.018;
10;37;1;27;10037001_27_M;2020;6;;;;0.015;;;;;;;;;;;;;;;;;;;;;;;0.016;;;;
10;37;1;27;10037001_27_M;2020;7;;0.017;;;;;0.015;;;;;0.012;;;;;0.013;;;;;;;;0.02;;;;;;
10;37;1;27;10037001_27_M;2020;8;;;;;0.016;;;;;;;;;;;;;;;;;;;;;;;;;;
10;37;1;27;10037001_27_M;2020;9;;;0.009;;;;;;;;0.009;;;;;;0.009;;;;;0.004;;;;;0.001;;;;
10;37;1;27;10037001_27_M;2020;10;;0.007;;;;;;;;;;;;;;;0.048;;;;;0.003;;;;;0.015;;;;
10;37;1;27;10037001_27_M;2020;11;0.05;;;;;0.012;;;;;0.11;;;;;;;;;;;0.064;;;;;0.015;;;;
10;37;1;27;10037001_27_M;2020;12;;0.024;;;;;0.003;;;;;0.004;;;;;;;;;;0.012;;;;;0.03;;;;
6;15;1;27;06015001_27_M;2020;1;0.0025;;;;;;0.001;;;;;;0.003;;;;;;0.0;;;;;;0.001;;;;;;0.0065
6;15;1;27;06015001_27_M;2020;2;;;;;;0.001;;;;;;0.001;;;;;;0.0;;;;;;0.002;;;;;;;
6;15;1;27;06015001_27_M;2020;3;0.0001;;;;;;0.001;;;;;;0.0036;;;;;;0.0015;;;;;;0.0011;;;;;;0.0001
6;15;1;27;06015001_27_M;2020;4;;;;;;0.001;;;;;;0.001;;;0.0;;;0.0;;;0.0;;;0.001;;;0.0;;;0.0005;
6;15;1;27;06015001_27_M;2020;5;;;;;;0.0;;;;;;0.0;;;;;;0.001;;;;;;0.001;;;;;;0.0006;
6;15;1;27;06015001_27_M;2020;6;;0.0007;;;0.0;;;;;;0.0;;;;;;0.0;;;;;;0.002;;;;;;0.0004;;
6;15;1;27;06015001_27_M;2020;7;;;;;0.0;;;;;;0.001;;;;;;0.001;;;;;;0.001;;;;;;0.0008;;
6;15;1;27;06015001_27_M;2020;8;;;;0.0;;;;;;0.0;;;;;;0.0;;;;;;0.0;;;;;;;;;
6;15;1;27;06015001_27_M;2020;9;;;0.0;;;;;;0.0;;;;;;0.0;;;;;;0.0;;;;;;0.0;;;;
6;15;1;27;06015001_27_M;2020;10;;;0.0001;;;;;;0.002;;;;;;0.001;;;;;;0.0;;;;;;0.001;;;;
6;15;1;27;06015001_27_M;2020;11;;0.0011;;;;;;0.0;;;;;;0.006;;;;;;0.001;;;;;;;;;0.0016;;
6;15;1;27;06015001_27_M;2020;12;;;;;0.0;;;;;;0.0;;;;;;;;;;;;0.004;;;;;;0.0001;;
46;17;2;27;46017002_27_M;2020;1;;;;;;;;;;;;;;;;;0.19;;0.04;;;;0.29;;0.29;;;;;;
46;17;2;27;46017002_27_M;2020;2;;;;;;;;;;;;;;;;;;;;;;;;;;;;;;;
46;17;2;27;46017002_27_M;2020;3;;;;;;;;;;;;;;;;;;;;;;;;;;;;;;;
46;17;2;27;46017002_27_M;2020;4;;;;;;;;;;;;;;0.04;;;;;0.04;;;0.04;;;;;;;;;
46;17;2;27;46017002_27_M;2020;5;;;;;;;;0.09;;;;;;;;;;;;;;;;;;;;;;;
46;17;2;27;46017002_27_M;2020;6;;;;;;;;;;;;;;;;;;;;;;;;;;;;;;;
46;17;2;27;46017002_27_M;2020;7;;;;;;;0.04;;0.04;;0.04;;;;0.04;;;;;;;;;;;;0.04;;;;
46;17;2;27;46017002_27_M;2020;8;;;;;;;;;;;;;;;;;;;;0.07;;;;0.09;;0.04;;0.04;;;
46;17;2;27;46017002_27_M;2020;9;;;;;;;;;;;;;;;;;;;;;;;;;;;;;;;
46;17;2;27;46017002_27_M;2020;10;;;;;;;;;;;;;;;;;;;;;;;;;;;0.08;;0.58;;0.04
46;17;2;27;46017002_27_M;2020;11;;;;;;;;;;;;;;;;0.07;;;;0.21;;;;0.3;;;;;;;
46;17;2;27;46017002_27_M;2020;12;;;;;;;;;;;;;;;;;;;;;;;;;;;;;;;
21;50;1;27;21050001_27_M;2020;1;;;;;;;0.091;;;;;;0.091;;;;;;0.091;;;;;;0.091;;;;;;0.091
21;50;1;27;21050001_27_M;2020;2;;;;;;;0.091;;;;;;0.091;;;;;;0.091;;;;;;0.091;;;;;;
21;50;1;27;21050001_27_M;2020;3;;;;0.091;;;;;;0.091;;;;;;0.091;;;;;;0.091;;;;;;;0.091;;
21;50;1;27;21050001_27_M;2020;4;;;;;;;;;;;;;;;;;;;;;;;0.091;;0.091;;0.091;;0.091;;
21;50;1;27;21050001_27_M;2020;5;0.091;;;;;;;;0.091;;0.091;;0.091;;0.091;;0.091;;;;;;;;;;;;;;
21;50;1;27;21050001_27_M;2020;6;;;;;0.091;;;;;;0.091;;;;;;0.091;;;;;;0.091;;;;;;0.091;;
21;50;1;27;21050001_27_M;2020;7;;;;;;0.091;;;;;;0.091;;;;;;0.091;;;;;;;;;;;;0.091;
21;50;1;27;21050001_27_M;2020;8;;;;0.091;;;;;;0.091;;;;;;0.091;;;;;;0.091;;;;;;0.091;;;
21;50;1;27;21050001_27_M;2020;9;;;;;;0.091;;;;;;0.091;;;;;;0.091;;;;;;0.091;;;;;;0.091;
21;50;1;27;21050001_27_M;2020;10;;;;;;0.091;;;;;;0.091;;;;;;0.091;;;;;;0.091;;;;;;0.091;
21;50;1;27;21050001_27_M;2020;11;;;;;0.27;;;;;;0.27;;;;;;0.27;;;;;;0.27;;;;;;0.27;;
21;50;1;27;21050001_27_M;2020;12;;;;;0.091;;;;;;0.091;;;;;;0.091;;;;;;0.091;;;;;;0.091;;
4;13;4;27;04013004_27_M;2020;5;;;;;;;;;0.091;;0.091;;0.091;;0.091;;0.091;;;;;;;;;;;;;;
4;13;4;27;04013004_27_M;2020;1;;;;0.27;;;;;;0.27;;;;;;0.27;;;;;;0.27;;;;;;0.27;;;
4;13;4;27;04013004_27_M;2020;2;;;;;;0.091;;;;;;0.091;;;;;;0.091;;;;;;0.091;;;;;;;
4;13;4;27;04013004_27_M;2020;3;;;;0.091;;;;;;0.091;;;;;;0.091;;;;;;0.091;;;;;;0.091;;;
4;13;4;27;04013004_27_M;2020;4;;;;;;;;;;;;;;;;;;;;;;0.091;;0.091;;0.091;;0.091;;0.091;
4;13;4;27;04013004_27_M;2020;6;;;;;0.091;;;;;;0.091;;;;;;0.091;;;;;;0.091;;;;;;0.091;;
4;13;4;27;04013004_27_M;2020;7;;;;;0.091;;;;;;0.091;;;;;;0.091;;;;;;0.091;;;;;;0.091;;
4;13;4;27;04013004_27_M;2020;8;;;;0.091;;;;;;0.091;;;;;;0.091;;;;;;0.091;;;;;;0.091;;;
4;13;4;27;04013004_27_M;2020;9;;;;;;0.091;;;;;;0.091;;;;;;0.091;;;;;;0.091;;;;;;0.091;
4;13;4;27;04013004_27_M;2020;10;;;;;;0.091;;;;;;0.091;;;;;;0.091;;;;;;0.091;;;;;;0.091;
4;13;4;27;04013004_27_M;2020;11;;;;;0.091;;;;;;0.091;;;;;;0.091;;;;;;0.091;;;;;;0.091;;
4;13;4;27;04013004_27_M;2020;12;;;;;0.091;;;;;;0.091;;;;;;0.091;;;;;;0.091;;;;;;0.091;;
14;21;7;27;14021007_27_M;2020;1;;;;0.45;;;;;;0.45;;;;;;0.45;;;;;;0.45;;;;;;0.45;;;
14;21;7;27;14021007_27_M;2020;2;;;;;;0.091;;;;;;0.091;;;;;;0.091;;;;;;0.091;;;;;;;
14;21;7;27;14021007_27_M;2020;3;;;;0.091;;;;;;0.091;;;;;;0.091;;;;;;0.091;;;;;;0.091;;;
14;21;7;27;14021007_27_M;2020;4;;;;;;;;;;;;;;;;;;;;;;;0.091;;0.091;;0.091;;0.091;;
14;21;7;27;14021007_27_M;2020;5;0.091;;;;;;0.091;;0.091;;0.091;;0.091;;0.091;;;;;;;;;;;;;;;;
14;21;7;27;14021007_27_M;2020;6;;;;;0.091;;;;;;0.091;;;;;;0.091;;;;;;0.091;;;;;;0.091;;
14;21;7;27;14021007_27_M;2020;7;;;;;0.091;;;;;;0.091;;;;;;0.091;;;;;;0.091;;;;;;0.091;;
14;21;7;27;14021007_27_M;2020;8;;;;0.091;;;;;;0.091;;;;;;0.091;;;;;;0.091;;;;;;0.091;;;
14;21;7;27;14021007_27_M;2020;9;;;;;;0.091;;;;;;0.091;;;;;;0.091;;;;;;0.091;;;;;;0.091;
14;21;7;27;14021007_27_M;2020;10;;;;;;0.45;;;;;;0.45;;;;;;0.45;;;;;;0.45;;;;;;0.45;
14;21;7;27;14021007_27_M;2020;11;;;;;0.091;;;;;;0.091;;;;;;0.091;;;;;;0.091;;;;;;0.091;;
14;21;7;27;14021007_27_M;2020;12;;;;;0.27;;;;;;0.27;;;;;;0.27;;;;;;0.27;;;;;;0.27;;
28;92;5;27;28092005_27_M;2020;1;;;;;;;;;;;;;;;;0.24;;0.071;;;;0.282;;0.282;;;;0.028;;0.028;
28;92;5;27;28092005_27_M;2020;2;;;0.225;;0.719;;;;0.085;;0.156;;;;0.169;;0.028;;;;;;0.028;;0.028;;;;0.581;;
28;92;5;27;28092005_27_M;2020;5;;;;;;;;;;;;;;;;;;;;0.027;;0.027;0.027;;0.027;0.027;;0.027;0.027;;0.027
28;92;5;27;28092005_27_M;2020;6;0.027;;0.027;0.027;;0.027;0.027;;0.028;0.028;;0.027;0.028;;0.028;0.028;;0.028;0.027;;0.027;0.027;;0.027;0.027;;0.027;0.027;;0.027;
28;92;5;27;28092005_27_M;2020;7;0.027;;0.027;0.027;;0.028;0.028;;0.027;0.028;;0.028;0.028;;0.028;0.027;;0.027;0.027;;0.027;0.027;;0.027;0.027;;0.027;0.027;;0.027;0.027
28;92;5;27;28092005_27_M;2020;8;;0.027;0.027;;0.027;0.027;;0.027;0.027;;0.028;0.027;0.027;;0.027;;0.027;0.027;;0.027;0.123;;0.027;0.027;;0.027;0.027;;0.027;0.028;
28;92;5;27;28092005_27_M;2020;9;0.028;0.027;;;0.027;;0.028;;;;0.027;;0.027;;;;0.028;;0.028;;;;0.028;;0.028;;;;0.069;;
28;92;5;27;28092005_27_M;2020;10;0.028;;;;0.028;;0.028;;;;0.028;;0.028;;;;0.21;;0.028;;;;0.028;;0.028;;;;0.476;;0.223
28;92;5;27;28092005_27_M;2020;11;;;;0.084;;0.028;;;;0.126;;0.182;;;;0.098;;0.236;;;;0.168;;0.225;;;;0.196;;0.153;
28;92;5;27;28092005_27_M;2020;12;;;;0.028;;0.028;;;;0.028;;0.028;;;;;;;;;;;;;;;;;;;
6;83;1;27;06083001_27_M;2020;1;0.38;;;;;0.25;;;;;0.31;;;;;0.076;;;;;;;;;;0.13;;;;;
6;83;1;27;06083001_27_M;2020;2;;;;;;0.053;;;;0.11;;;;;0.11;;;;;0.062;;;;;0.071;;;;;;
6;83;1;27;06083001_27_M;2020;3;0.019;;;;;0.023;;;;;0.033;;;;;;;;;;;;;;;0.035;;;;;0.011
6;83;1;27;06083001_27_M;2020;4;;;;;0.017;;;;;;0.14;;;;;0.017;;;;;0.018;;;;;0.024;;;;;
6;83;1;27;06083001_27_M;2020;5;0.019;;;;;0.02;;;;;0.015;;;;;0.018;;;;;;;;;;;;;;;0.019
6;83;1;27;06083001_27_M;2020;6;;;;;0.18;;;;;0.02;;;;;;;;;;0.019;;;;;0.027;;;;;0.19;
6;83;1;27;06083001_27_M;2020;7;;;;;0.029;;;;;0.018;;;;;0.014;;;;;;;;;;;;;;0.004;;0.039
6;83;1;27;06083001_27_M;2020;8;;;;0.005;;;;;;;;;;0.005;;;;;;;;;;0.006;;;;;0.02;;
6;83;1;27;06083001_27_M;2020;9;;;0.019;;;;;0.004;;;;;0.005;;;;;;;;;;0.001;;;;;0.011;;;
6;83;1;27;06083001_27_M;2020;10;;;0.014;;;;;0.037;;;;;0.038;;;;;0.062;;;;;0.014;;;;;0.013;;;
6;83;1;27;06083001_27_M;2020;11;;0.11;;;;;;0.012;;;;;0.034;;;;;0.04;;;;;0.11;;;;;0.048;;;
6;83;1;27;06083001_27_M;2020;12;;;0.05;;;;;0.006;;;;;0.041;;;;;0.062;;;;;0.19;;;;;0.016;;;
46;190;5;27;46190005_27_M;2020;1;;;;;;;;;;;;;;;;;;;;;;;;;0.15;;;;;;
46;190;5;27;46190005_27_M;2020;2;;0.13;;;;;;;;;;;;;;;;;;;;;;;;;;;;;
46;190;5;27;46190005_27_M;2020;3;;;;;0.04;;;;0.04;;;0.0;0.04;;;;;;;;0.04;;;;;;;;;;
46;190;5;27;46190005_27_M;2020;4;;;;;;;;;;;;;;;;;;;;;;;;;;;;;;;
46;190;5;27;46190005_27_M;2020;5;;;;;;;;0.04;;;;;;;;0.04;;;;;;;;;;;;;;;
46;190;5;27;46190005_27_M;2020;6;;;;;;;;;;;;;0.04;;;;;;;;;;;;;;;;;;
46;190;5;27;46190005_27_M;2020;7;;;0.04;;;;0.04;;;;;;;;0.04;;;;0.04;;;;;;;;;;;;
46;190;5;27;46190005_27_M;2020;8;;;;;;0.04;;;;;;;;;;;;;;0.04;;;;;;;;0.04;;;
46;190;5;27;46190005_27_M;2020;10;;;;;;;0.04;;;;;;;;0.04;;;;;;;;0.04;;;;;;;;
46;190;5;27;46190005_27_M;2020;11;;;;;;;;0.12;;;;;;;;0.04;;;;0.14;;;;;;;;;;;
46;190;5;27;46190005_27_M;2020;12;;;;;;;;;;;;;;;;;;;;;;;;;;;;;;;
46;190;5;27;46190005_27_M;2020;9;;;;;0.04;;;;;;;;;;;;;;;;;;;;;;;;;;
38;38;10;27;38038010_27_M;2020;1;;;;;;;;;;;;;;;;;;;;;;;;;;;;;;;
38;38;10;27;38038010_27_M;2020;2;;;;;;;;;;;;;;;;;;;;;;;;;;;;;;;
38;38;10;27;38038010_27_M;2020;3;;;;;;;;;;;;;;;;;;;;;;;;;;;;;;;
38;38;10;27;38038010_27_M;2020;9;;;;;;;;;;;;;;;;;;;;;;;;;;;;;;;
38;38;10;27;38038010_27_M;2020;4;;;;;;;;;;;;;;;;;;;;;;;;;;;;;;;
38;38;10;27;38038010_27_M;2020;5;;;;;;;;;;;;;;;;;;;;;;;;;;;;;;;
38;38;10;27;38038010_27_M;2020;6;;;;;;;;;;;;;;;;;;;;;;;;;;;;;;;
38;38;10;27;38038010_27_M;2020;7;;;;;;;;;;;;;;;;;;;;;;;;;;;;;;;
38;38;10;27;38038010_27_M;2020;8;;;;;;;;;;;;;;;;;;;;;;;;;;;;;;;
38;38;10;27;38038010_27_M;2020;10;;;;;;;;;;;;;;;;;;;;;;;;;;;;;;;
38;38;10;27;38038010_27_M;2020;11;;;;;;;;;;;;;;;;;;;;;;;;;;;;;;;
38;38;10;27;38038010_27_M;2020;12;;;;;;;;;;;;;;;0.36;0.36;0.36;0.37;0.37;0.36;0.36;0.37;0.36;0.37;0.37;0.36;0.36;0.37;0.36;;0.36
23;10;2;27;23010002_27_M;2020;5;0.091;;;;;;;;0.091;;;;;;0.091;;;;;;0.091;;;;;;0.091;;0.091;;
23;10;2;27;23010002_27_M;2020;1;;;;;;;0.82;;;;;;0.82;;;;;;0.82;;;;;;0.82;;;;;0.82;
23;10;2;27;23010002_27_M;2020;2;;;;;;0.27;;;;;;0.27;;;;;;0.27;;;;;;0.27;;;;;;;
23;10;2;27;23010002_27_M;2020;3;;;;0.091;;;;;;0.091;;;;;;0.091;;;;;;0.091;;;;;;0.091;;;
23;10;2;27;23010002_27_M;2020;4;;;;;;;;;;;;;;;;;;;;;;;0.091;;0.091;;0.091;;0.091;;
23;10;2;27;23010002_27_M;2020;6;;;;;0.091;;;;;;0.091;;;;;;0.091;;;;;;0.091;;;;;;0.091;;
23;10;2;27;23010002_27_M;2020;7;;;;;0.091;;;;;;0.091;;;;;;0.091;;;;;;0.091;;;;;;0.091;;
23;10;2;27;23010002_27_M;2020;8;;;;0.091;;;;;;0.091;;;;;;0.091;;;;;;0.091;;;;;;0.091;;;
23;10;2;27;23010002_27_M;2020;9;;;;;;0.091;;;;;;0.091;;;;;;0.091;;;;;;0.091;;;;;;0.091;
23;10;2;27;23010002_27_M;2020;10;;;;;;0.091;;;;;;0.091;;;;;;0.091;;;;;;0.091;;;;;;0.091;
23;10;2;27;23010002_27_M;2020;11;;;;;0.27;;;;;;0.27;;;;;;0.27;;;;;;0.27;;;;;;0.27;;
23;10;2;27;23010002_27_M;2020;12;;;;;0.27;;;;;;0.27;;;;;;0.27;;;;;;0.27;;;;;;0.27;;
4;32;5;27;04032005_27_M;2020;4;;;;;;;;;;;;;;;;;;;;;;;0.091;;0.091;;0.091;;0.091;;
4;32;5;27;04032005_27_M;2020;1;;;;0.27;;;;;;0.27;;;;;;0.27;;;;;;0.27;;;;;;0.27;;;
4;32;5;27;04032005_27_M;2020;2;;;;;;0.091;;;;;;0.091;;;;;;0.091;;;;;;0.091;;;;;;;
4;32;5;27;04032005_27_M;2020;3;;;;0.091;;;;;;0.091;;;;;;0.091;;;;;;0.091;;;;;;0.091;;;
4;32;5;27;04032005_27_M;2020;5;0.091;;;;;0.091;;0.091;;0.091;;0.091;;0.091;;;;;;;;;;;;;;;;;
4;32;5;27;04032005_27_M;2020;6;;;;;0.091;;;;;;0.091;;;;;;0.091;;;;;;0.091;;;;;;0.091;;
4;32;5;27;04032005_27_M;2020;7;;;;;0.091;;;;;;0.091;;;;;;0.091;;;;;;0.091;;;;;;0.091;;
4;32;5;27;04032005_27_M;2020;8;;;;0.091;;;;;;0.091;;;;;;0.091;;;;;;0.091;;;;;;0.091;;;
4;32;5;27;04032005_27_M;2020;9;;;;;;0.091;;;;;;0.091;;;;;;0.091;;;;;;0.091;;;;;;0.091;
4;32;5;27;04032005_27_M;2020;10;;;;;;0.091;;;;;;0.091;;;;;;0.091;;;;;;0.091;;;;;;0.091;
4;32;5;27;04032005_27_M;2020;11;;;;;0.091;;;;;;0.091;;;;;;0.091;;;;;;;;;;;0.091;0.091;;
4;32;5;27;04032005_27_M;2020;12;;;;;0.091;;;;;;0.091;;;;;;0.091;;;;;;0.091;;;;;;0.091;;
18;87;7;27;18087007_27_M;2020;9;;;;;;0.091;;;;;;0.091;;;;;;0.091;;;;;;0.091;;;;;;0.091;
18;87;7;27;18087007_27_M;2020;1;;;;;;;;;;1.0;;1.0;;1.0;;1.0;;1.0;;;;;;;;;;;;;
18;87;7;27;18087007_27_M;2020;2;;;;;;0.27;;0.27;;0.27;;0.27;;;;;;;;;;;;;;;;;;;
18;87;7;27;18087007_27_M;2020;3;;;;;;;;;;;;;;;;;;;;;;;;;;;;;;;
18;87;7;27;18087007_27_M;2020;4;;;;;;;;;;;;;;;;;;;;;;;0.091;;0.091;;0.091;;0.091;;
18;87;7;27;18087007_27_M;2020;5;0.091;;;;;;;;;;;;0.091;;0.091;;0.091;;;;;0.091;;0.091;;;;;;;
18;87;7;27;18087007_27_M;2020;6;;;;;0.091;;;;;;0.091;;;;;;0.091;;;;;;0.091;;;;;;0.091;;
18;87;7;27;18087007_27_M;2020;7;;;;;;0.091;;;;;;0.091;;;;;;0.091;;;;;;0.091;;;;;;0.091;
18;87;7;27;18087007_27_M;2020;8;;;;0.091;;;;;;0.091;;;;;;0.091;;;;;;0.091;;;;;;0.091;;;
18;87;7;27;18087007_27_M;2020;10;;;;;;0.091;;;;;;0.091;;;;;;0.091;;;;;;0.091;;;;;;0.091;
18;87;7;27;18087007_27_M;2020;11;;;;;0.27;;;;;;0.27;;;;;;0.27;;;;;;0.27;;;;;;0.27;;
18;87;7;27;18087007_27_M;2020;12;;;;;0.27;;;;;;0.27;;;;;;0.27;;;;;;0.27;;;;;;0.27;;
29;67;6;27;29067006_27_M;2020;1;;;;0.091;;;;;;0.091;;;;;;0.091;;;;;;0.091;;;;;;0.091;;;
29;67;6;27;29067006_27_M;2020;2;;;;;;0.091;;;;;;0.091;;;;;;0.091;;;;;;0.091;;;;;;;
29;67;6;27;29067006_27_M;2020;6;;;;;0.091;;;;;;0.091;;;;;;0.091;;;;;;0.091;;;;;;0.091;;
29;67;6;27;29067006_27_M;2020;3;;;;0.091;;;;;;0.091;;;;;;0.091;;;;;;0.091;;;;;;0.091;;;
29;67;6;27;29067006_27_M;2020;4;;;;;;;;;;;;;;;;;;;;;;;;;0.091;;0.091;;;;
29;67;6;27;29067006_27_M;2020;5;0.091;;0.091;;;;;;;0.091;;;;0.091;;;;0.091;;;;0.091;;;;0.091;;;;;
29;67;6;27;29067006_27_M;2020;7;;;;;0.091;;;;;;0.091;;;;;;0.091;;;;;;0.091;;;;;;0.091;;
29;67;6;27;29067006_27_M;2020;8;;;;;;;;;;;0.27;;;;0.27;;;;0.27;;;;0.27;;;;0.27;;;;
29;67;6;27;29067006_27_M;2020;9;;;;;;0.091;;;;;;0.091;;;;;;0.091;;;;;;0.091;;;;;;0.091;
29;67;6;27;29067006_27_M;2020;10;;;;;;0.091;;;;;;0.091;;;;;;0.091;;;;;;0.091;;;;;;0.091;
29;67;6;27;29067006_27_M;2020;11;;;;;0.27;;;;;;0.27;;;;;;0.27;;;;;;0.27;;;;;;0.27;;
29;67;6;27;29067006_27_M;2020;12;;;;;0.091;;;;;;0.091;;;;;;0.091;;;;;;0.091;;;;;;0.091;;
17;22;2;27;17022002_27_M;2020;1;0.83;;;;;;1.11;;;;;;;;;;0.15;;;;;;0.17;;;;;;0.6;;
17;22;2;27;17022002_27_M;2020;2;;;;0.28;;;;;;;;;;;;0.24;;;;0.21;;0.18;;;;0.39;;;;;
17;22;2;27;17022002_27_M;2020;3;;0.21;;;;;;;;;;0.18;;0.31;;0.14;;0.14;;;;;;0.14;;;;0.14;;;
17;22;2;27;17022002_27_M;2020;4;0.22;;0.14;;;;;;0.14;;;;;;;;0.14;;;;;;0.14;;;;;;0.14;;
17;22;2;27;17022002_27_M;2020;5;;;;;0.14;;;;;;;;0.14;;;;;;;0.14;;;;;;;;0.14;;;
17;22;2;27;17022002_27_M;2020;6;;;0.14;;;;;;;;;0.14;;;;;;0.14;;;;;;0.14;;;;;;;
17;22;2;27;17022002_27_M;2020;7;;;;;;;;;;;;;;;;0.14;;;;0.14;;0.14;;;;;;;;0.14;
17;22;2;27;17022002_27_M;2020;8;;;0.14;;0.14;;;;;;;;;;;;;;0.14;;;;;;;;;;;;0.14
17;22;2;27;17022002_27_M;2020;9;;;;;;;;;;;;;;;;0.14;;;;;;;;;;;;;;;
17;22;2;27;17022002_27_M;2020;10;;;;;;;;0.14;;;;;;0.14;;;;;;0.14;;;;;;0.15;;;;;
17;22;2;27;17022002_27_M;2020;11;;;;;0.15;;;;;;0.14;;;;;;0.25;;;;;;0.5;;;;0.31;;;;
17;22;2;27;17022002_27_M;2020;12;;;;;;;;1.39;;;;;;1.39;;;;;;;;;;0.39;;;;;;0.7;
8;22;6;27;08022006_27_M;2020;1;;;;;;;;;;0.26;;0.53;;;;0.22;;;;0.14;;;;;;;;0.36;;;
8;22;6;27;08022006_27_M;2020;2;;;;;;;0.21;;;;;;0.14;;;;;;0.14;;;;;;0.21;;;;;;
8;22;6;27;08022006_27_M;2020;3;;0.14;;;;;;;;;;0.14;;;;0.14;;;;;;;;0.14;;;;;;;
8;22;6;27;08022006_27_M;2020;4;0.14;;;;;;;;;0.14;;;;;;0.14;;;;;;0.14;;;;;;0.14;;;
8;22;6;27;08022006_27_M;2020;5;;;;;;0.14;;;;;0.14;;;;;;;;;;0.14;;;;;;0.14;;;;
8;22;6;27;08022006_27_M;2020;6;;;;0.14;;;;;0.14;;;;;;;;0.14;;;;;;;;0.14;;;;;;
8;22;6;27;08022006_27_M;2020;7;;;0.14;;;;;;0.16;;;;;;0.14;;;;;;;;;;0.14;;;;0.14;;
8;22;6;27;08022006_27_M;2020;8;;;;0.14;;;;;;;;;;0.14;;;;;;0.14;;;;;;0.14;;;;;
8;22;6;27;08022006_27_M;2020;9;;;;;;;;;0.14;;;;;;;;0.14;;0.14;;0.14;;;;;;;;;;
8;22;6;27;08022006_27_M;2020;10;;;0.14;;;;0.14;;;;;0.14;;;;;;;;;;0.14;;;;;;0.17;;;
8;22;6;27;08022006_27_M;2020;11;;;0.25;;;;;;0.18;;;;;;;;;0.14;;;;;;;;0.56;;;;;
8;22;6;27;08022006_27_M;2020;12;;;;0.39;;;;0.57;;;;;;0.33;;;;;;;;;;0.19;;;;;;0.43;
25;51;1;27;25051001_27_M;2020;1;2.24;;;;;;;1.81;;0.69;;1.41;;;;1.26;;0.84;;;;0.33;;0.14;;1.11;;0.83;;;
25;51;1;27;25051001_27_M;2020;2;0.69;;0.61;;1.1;;1.95;;1.94;;;;0.19;;0.96;;0.44;;0.22;;;;0.62;;0.96;;;;0.27;;
25;51;1;27;25051001_27_M;2020;3;;;;0.34;;0.39;;0.22;;0.14;;0.23;;0.14;;0.14;;;;0.14;;0.14;;0.15;;;;0.14;;;
25;51;1;27;25051001_27_M;2020;4;0.14;;;;;;;;;0.14;;0.14;;0.14;;0.14;;0.14;;;;0.14;;0.14;;0.14;;0.14;;;
25;51;1;27;25051001_27_M;2020;5;;0.14;;0.14;;;;;;;;;0.14;;0.14;;0.14;;;;0.14;;0.14;;0.14;;;;0.14;;
25;51;1;27;25051001_27_M;2020;6;;;;0.14;;0.13;;;;;0.14;;0.14;;0.14;;0.14;;;;;;;;0.14;;0.13;;;;
25;51;1;27;25051001_27_M;2020;7;0.13;;;;0.14;;;;;;0.13;;;;0.14;;0.13;;;;;;0.13;;0.13;;0.13;;;;0.13
25;51;1;27;25051001_27_M;2020;8;;;;0.14;;0.13;;;;;;;;0.13;;0.13;;0.13;;0.13;;;;;;0.13;;0.13;;;
25;51;1;27;25051001_27_M;2020;9;;;0.13;;0.13;;0.14;;;;0.13;;;;0.14;;0.14;;;;;;0.14;;0.14;;;;;;
25;51;1;27;25051001_27_M;2020;10;0.14;;0.14;;0.14;;;;;0.29;;;;0.14;;0.26;;;;;;;;;;;;;;;
25;51;1;27;25051001_27_M;2020;11;;;;;;;;;;;;;;1.25;;;;0.54;;0.97;;;;;;0.69;;0.22;;0.83;
25;51;1;27;25051001_27_M;2020;12;;2.23;;;;;;0.83;;;;0.83;;;;0.83;;2.23;;;;;;0.83;;0.14;;0.43;;0.84;
25;172;1;27;25172001_27_M;2020;1;;;;;;;;0.14;;;;;;;;;;;;0.14;;;;;;;;;;;
25;172;1;27;25172001_27_M;2020;2;;;;;0.14;;;;;;;;;;;;0.14;;;;;;;;;;;;;;
25;172;1;27;25172001_27_M;2020;3;;;0.14;;;;;;;;;;;;;;;;0.14;;;;;;;;;;;;
25;172;1;27;25172001_27_M;2020;4;;;0.14;;;;;;;;;;0.14;;;;;;;;;;;;;;;;0.14;;
25;172;1;27;25172001_27_M;2020;5;;;;;;;;;;;;0.14;;;;;;;;;;;;;;;;0.14;;;
25;172;1;27;25172001_27_M;2020;6;;;;;;;;0.14;;;;;;;;;;;;;;;;0.14;;;;;;;
25;172;1;27;25172001_27_M;2020;7;;;;;;;;;;0.14;;;;;;;;;;0.14;;;;;;;;;;;
25;172;1;27;25172001_27_M;2020;8;;;0.14;;;;;;;;;;;;;;0.14;;;;;;;;;;;;;;
25;172;1;27;25172001_27_M;2020;9;;;0.14;;;;;;;;;;;;0.14;;;;;;;;;;;;;;0.14;;
25;172;1;27;25172001_27_M;2020;10;;;;;;;;;;;;0.14;;;;;;;;;;;;;;;;0.14;;;
25;172;1;27;25172001_27_M;2020;11;;;;;;;;;0.5;;;;;;;;;;;;;;0.14;;;;;;;;
25;172;1;27;25172001_27_M;2020;12;;;;;;;;;0.51;;;;;;;;;;;;0.14;;;;;;;;;;
25;120;1;27;25120001_27_M;2020;1;;;;;;;;;;1.85;;0.23;;;;;;;;;;0.83;;0.68;;;;;;0.42;
25;120;1;27;25120001_27_M;2020;2;;;;;;;;;0.57;;0.21;;;;;;;;0.61;;;;;;;;;;;;
25;120;1;27;25120001_27_M;2020;3;;;;;;;;0.14;;;;0.14;;;;;;;;0.14;;0.14;;0.14;;;;;;;
25;120;1;27;25120001_27_M;2020;4;;;;;;;;;0.14;;0.14;;;;0.14;;;;;;;;0.14;;;;0.14;;;;
25;120;1;27;25120001_27_M;2020;5;0.14;;;;0.14;;;;;;;;0.14;;;;;;;;0.14;;;;0.14;;;;;;
25;120;1;27;25120001_27_M;2020;6;;0.14;;;;;;;;;0.14;;;;0.14;;;;;;;;0.14;;;;;;;;
25;120;1;27;25120001_27_M;2020;7;;;;;;;;;;;0.14;;;;0.14;;;;;;;;0.14;;;;;;;;0.14
25;120;1;27;25120001_27_M;2020;8;;;;;;0.14;;;;;0.14;;;;;;;;0.14;;;;;;;;0.14;;;;0.14
25;120;1;27;25120001_27_M;2020;9;;;;;;;;;;;;0.15;;;;0.14;;;;;;;;;;;;;;;
25;120;1;27;25120001_27_M;2020;10;;;;;;;;;;;;;;;;0.46;;0.24;;;;0.14;;;;;;0.63;;0.69;
25;120;1;27;25120001_27_M;2020;11;;;;;0.14;;;;0.36;;;;;;;;;;0.49;;;;;;0.6;;;;;;
25;120;1;27;25120001_27_M;2020;12;;;0.49;;;;0.19;;;;;;;;;;0.83;;;;;;0.42;;0.14;;;;0.14;;
43;44;3;27;43044003_27_M;2020;1;0.14;;;;;;;;0.14;;;;0.24;;;;;;;;;0.14;;;;;;;;;0.14
43;44;3;27;43044003_27_M;2020;2;;;;0.14;;;;;;;;;0.14;;;;;0.14;;;;;;;;0.14;;;;;
43;44;3;27;43044003_27_M;2020;3;;;;;;;;;;;;;0.14;;;;;;0.14;;;;;;0.14;;;;;;
43;44;3;27;43044003_27_M;2020;4;;;;0.14;;0.14;;;;;;;;;;0.14;;;;;;0.18;;;;0.14;;0.14;;;
43;44;3;27;43044003_27_M;2020;5;;;;0.14;;;;;;;;;;0.14;;;;;;0.14;;;;;;;;0.14;;;
43;44;3;27;43044003_27_M;2020;6;;;0.14;;;;;;;;0.14;;;;;;;;0.14;;0.14;;;;;;;;0.14;;
43;44;3;27;43044003_27_M;2020;7;;0.14;;;;;;;;;0.14;;;;0.14;;;;;;;;0.14;;;;;;;;
43;44;3;27;43044003_27_M;2020;8;;;;;;;;;;;;;;0.14;;;;0.14;;;;;;0.14;;;;;;0.14;
43;44;3;27;43044003_27_M;2020;9;;;0.14;;;;;;;;0.14;;;;;;0.14;;;;0.14;;;;;;;;0.14;;
43;44;3;27;43044003_27_M;2020;10;;;;;;;;;;;0.14;;;;0.14;;;;;;0.14;;;;;0.14;;;;;
43;44;3;27;43044003_27_M;2020;11;;;;;;0.14;;;;;;0.14;;;;;;0.14;;;;;;0.14;;;;;;0.14;
43;44;3;27;43044003_27_M;2020;12;;;;;;;;;;0.14;;;;;;0.14;;;;;;0.14;;;;;;0.14;;;
7;40;2;27;07040002_27_M;2020;4;;;;;;;;;;;;;;;;;;;;;;;;;;;;;;;
7;40;2;27;07040002_27_M;2020;1;;;;;;;;;;;;;;;;;;;;;;;;;;;;;;0.167;0.278
7;40;2;27;07040002_27_M;2020;2;0.542;0.348;0.57;0.042;0.167;0.167;0.223;0.25;0.042;0.223;0.376;0.334;;;;;;;;;;;;;;;;;;;
7;40;2;27;07040002_27_M;2020;3;;;;;;;;;;;;;;;;;;;;;;;;;;;;;;;
7;40;2;27;07040002_27_M;2020;5;;;;;;;;;;;;;;;;;;;;;;;;;;;;;;;
7;40;2;27;07040002_27_M;2020;9;;;;;;;;;;;;;;;;;;;;;;;;;;;;;;;
7;40;2;27;07040002_27_M;2020;6;;;;;;;;;;;;;;;;;;;;0.042;0.042;0.042;0.042;0.042;0.042;0.042;0.042;0.042;0.049;0.042;
7;40;2;27;07040002_27_M;2020;7;0.042;0.042;0.042;;;;;;;;;;;;;;;;;;;;;;;;;;;;
7;40;2;27;07040002_27_M;2020;8;;;;;;;;;;;;;;;;;;;;;;;;;;;;;;;
7;40;2;27;07040002_27_M;2020;10;;;;;;;;;;;;;;;;;;;;;;;;;;;;;;;
7;40;2;27;07040002_27_M;2020;11;;;;;;;;;;;;;;;;;;;;;;;;;;;;;;;
7;40;2;27;07040002_27_M;2020;12;;;;;;;;;;;;;;;;;;;;;;;;;;;;;;;
7;40;6;27;07040006_27_M;2020;4;;;;;;;;;;;;;;;;;;;;;;;;;;;;;;;
7;40;6;27;07040006_27_M;2020;1;;;;;;;;;;;;;;;;;;;;;;;;;;;;0.07;0.18;0.07;0.07
7;40;6;27;07040006_27_M;2020;2;0.431;0.28;0.19;0.18;0.07;0.18;0.24;0.26;0.07;0.07;0.35;;;;;;;;;;;;;;;;;;;;
7;40;6;27;07040006_27_M;2020;3;;;;;;;;;;;;;;;;;;;;;;;;;;;;;;;
7;40;6;27;07040006_27_M;2020;5;;;;;;;;;;;;;;;;;;;;;;;;;;;;;;;
7;40;6;27;07040006_27_M;2020;6;;;;;;;;;;;;;;;;;0.07;0.07;0.07;0.07;0.07;0.07;0.07;0.07;0.07;0.07;0.07;0.07;0.07;0.07;
7;40;6;27;07040006_27_M;2020;7;0.07;;;;;;;;;;;;;;;;;;;;;;;;;;;;;;
7;40;6;27;07040006_27_M;2020;8;;;;;;;;;;;;;;;;;;;;;;;;;;;;;;;
7;40;6;27;07040006_27_M;2020;9;;;;;;;;;;;;;;;;;;;;;;;;;;;;;;;
7;40;6;27;07040006_27_M;2020;10;;;;;;;;;;;;;;;;;;;;;;;;;;;;;;;
7;40;6;27;07040006_27_M;2020;11;;;;;;;;;;;;;;;;;;;;;;;;;;;;;;;
7;40;6;27;07040006_27_M;2020;12;;;;;;;;;;;;;;;;;;;;;;;;;;;;;;;
7;26;1;27;07026001_27_M;2020;4;;;;;;;;;;;;;;;;;;;;;;;;;;;;;;;
7;26;1;27;07026001_27_M;2020;1;;;;;;;;;;;;;;;;;;;;;;;;;;;;;;;
7;26;1;27;07026001_27_M;2020;2;;;;;;;;;;;;;;;;;;;;;;;;;;;;;;;
7;26;1;27;07026001_27_M;2020;3;;;;;;;0.07;0.07;0.07;0.07;0.07;0.07;0.07;0.07;0.07;0.07;0.07;0.07;0.07;0.07;0.07;;;;;;;;;;
7;26;1;27;07026001_27_M;2020;5;;;;;;;;;;;;;;;;;;;;;;;;;;;;;;;
7;26;1;27;07026001_27_M;2020;6;;;;;;;;;;;;;;;;;;;;;;;;;;;;;;;
7;26;1;27;07026001_27_M;2020;10;;;;;;;;;;;;;;;;;;;;;;;;;;;;;;;
7;26;1;27;07026001_27_M;2020;7;;;;;;;;;;;;;;;;;;;;;;;0.07;0.07;0.07;0.07;0.07;0.07;0.07;0.07;0.07
7;26;1;27;07026001_27_M;2020;8;0.07;0.07;0.07;0.07;0.07;0.07;;;;;;;;;;;;;;;;;;;;;;;;;
7;26;1;27;07026001_27_M;2020;9;;;;;;;;;;;;;;;;;;;;;;;;;;;;;;;
7;26;1;27;07026001_27_M;2020;11;;;;;;;;;;;;;;;;;;;;;;;;;;;;;;;
7;26;1;27;07026001_27_M;2020;12;;;;;;;;;;;;;;;;;;;;;;;;;;;;;;;
7;26;2;27;07026002_27_M;2020;1;;;;;;;;;;;;;;;;;;;;;;;;;;;;0.07;0.07;0.07;0.07
7;26;2;27;07026002_27_M;2020;2;0.07;0.07;0.07;0.07;0.18;0.07;0.07;0.29;0.07;0.07;0.07;;;;;;;;;;;;;;;;;;;;
7;26;2;27;07026002_27_M;2020;3;;;;;;;;;;;;;;;;;;;;;;;;;;;;;;;
7;26;2;27;07026002_27_M;2020;4;;;;;;;;;;;;;;;;;;;;;;;;;;;;;;;
7;26;2;27;07026002_27_M;2020;5;;;;;;;;;;;;;;;;;;;;;;;;;;;;;;;
7;26;2;27;07026002_27_M;2020;6;;;;;;;;;;;;;;;;;;;;;;;;;;;;;;;
7;26;2;27;07026002_27_M;2020;7;;;;;;;;;;;;;;;;;;;;;;;0.07;0.07;0.07;0.07;0.07;0.07;0.07;0.07;0.07
7;26;2;27;07026002_27_M;2020;8;0.07;0.07;0.07;0.07;0.07;0.07;;;;;;;;;;;;;;;;;;;;;;;;;
7;26;2;27;07026002_27_M;2020;9;;;;;;;;;;;;;;;;;;;;;;;;;;;;;;;
7;26;2;27;07026002_27_M;2020;10;;;;;;;;;;;;;;;;;;;;;;;;;;;;;;;
7;26;2;27;07026002_27_M;2020;11;;;;;;;;;;;;;;;;;;;;;;;;;;;;;;;
7;26;2;27;07026002_27_M;2020;12;;;;;;;;;;;;;;;;;;;;;;;;;;;;;;;
7;3;4;27;07003004_27_M;2020;4;;;;;;;;;;;;;;;;;;;;;;;;;;;;;;;
7;3;4;27;07003004_27_M;2020;1;;;;;;;;;;;;;;;;;;;;;;;;;;;;;;;
7;3;4;27;07003004_27_M;2020;2;;;;;;;;;;;;;;;;;;;;;;;;;;;;;;;
7;3;4;27;07003004_27_M;2020;3;;;;;;;;;;;;;;;;;;;;;;;;;;;;;;;
7;3;4;27;07003004_27_M;2020;5;;;;;;;;;;;;;;;;;;;;;;;;;;;;;;;
7;3;4;27;07003004_27_M;2020;6;;;;;;;;;;;;;;;;;;;;;;;;;;;;;;;
7;3;4;27;07003004_27_M;2020;7;;;;;;;;;;;;;;;;;;;;;;;0.07;0.07;0.07;0.07;0.07;0.07;0.07;0.07;0.07
7;3;4;27;07003004_27_M;2020;8;0.07;0.07;0.07;0.07;0.07;;;;;;;;;;;;;;;;;;;;;;;;;;
7;3;4;27;07003004_27_M;2020;9;;;;;;;;;;;;;;;;;;;;;;;;;;;;;;;
7;3;4;27;07003004_27_M;2020;10;;;;;;;;;;;;;;;;;;;;;;;;;;;;;;;0.07
7;3;4;27;07003004_27_M;2020;11;0.07;0.07;0.07;0.07;0.07;0.07;0.07;0.07;0.07;0.07;0.07;;0.07;0.07;;;;;;;;;;;;;;;;;
7;3;4;27;07003004_27_M;2020;12;;;;;;;;;;;;;;;;;;;;;;;;;;;;;;;
7;10;1;27;07010001_27_M;2020;4;;;;;;;;;;;;;;;;;;;;;;;;;;;;;;;
7;10;1;27;07010001_27_M;2020;1;;;;;;;;;;;;;;;;;;;;;;;;;;;;;;;
7;10;1;27;07010001_27_M;2020;2;;;;;;;;;;;;;;;;;;;;;;;;;;;;;;;
7;10;1;27;07010001_27_M;2020;3;;;;0.017;0.008;;;;;;0.025;0.046;0.017;;;;;;;0.008;;;0.008;0.019;0.027;;0.008;;;;
7;10;1;27;07010001_27_M;2020;5;;;;;;;;;;;;;;;;;;;;;;;;;;;;;;;
7;10;1;27;07010001_27_M;2020;6;;;;;;;;;;;;;;;;;;;;;;;;;;;;;;;
7;10;1;27;07010001_27_M;2020;10;;;;;;0.008;0.008;0.008;0.018;;;;0.008;0.008;0.017;0.087;;;0.049;;0.008;;;;;;;;;;
7;10;1;27;07010001_27_M;2020;7;0.008;0.008;0.008;;;0.008;0.008;0.008;0.008;0.008;;;0.008;0.008;;;;;;;;;;;;;;;;;
7;10;1;27;07010001_27_M;2020;8;;;;;;;;;;;;;;;;;;;;;;;;;;;;;;;
7;10;1;27;07010001_27_M;2020;9;;;;;;;;;;;;;;;;;;;;;;;;;;;;;;;
7;10;1;27;07010001_27_M;2020;11;;;;;;;;;;;;;;;;;;;;;;;;;;;;;;;
7;10;1;27;07010001_27_M;2020;12;;;;;;;;;;;;;;;;;;;;;;;;;;;;;;;
28;79;8;27;28079008_27_M;2020;1;;0.46;;;;;;;;0.06;;;;;0.35;;;;0.1;;;;;;;;0.11;;;;
28;79;8;27;28079008_27_M;2020;2;;;;0.36;;;;;;;;0.16;;;;;;;;0.21;;;;;;;;0.19;;;
28;79;8;27;28079008_27_M;2020;3;;;;;;;;;;;;0.13;;;;;;;;0.03;;;;;0.03;;;;0.11;;
28;79;8;27;28079008_27_M;2020;4;;;;;;0.01;;;;;;;;0.03;;;;;;;;0.03;;;;;;;;0.03;
28;79;8;27;28079008_27_M;2020;5;;;;;0.03;;;0.01;;;;;0.01;;;;0.01;;;0.03;;;;0.01;;;;;;;
28;79;8;27;28079008_27_M;2020;6;0.01;;;;;;;;0.01;;;;;;;;0.01;;;;;;;;0.03;;;;;;
28;79;8;27;28079008_27_M;2020;7;;;0.01;;;;;0.03;;;;0.01;;;;;;;;0.03;;;;;;;;0.06;;;
28;79;8;27;28079008_27_M;2020;8;;;;;0.03;;;;;;;0.01;;;;;;;;;0.01;;;;;0.03;;;;0.01;
28;79;8;27;28079008_27_M;2020;9;;0.03;;;;;0.03;;;;;;;;0.03;;;;;;;;0.03;;;;;;;;
28;79;8;27;28079008_27_M;2020;10;0.03;;;;;;;;0.08;;;;0.09;;;;;0.13;;;;;;;;0.08;;;;;
28;79;8;27;28079008_27_M;2020;11;;;0.17;;;;;;;;0.16;;;;;;;;0.2;;;;;;;;0.15;;;;
28;79;8;27;28079008_27_M;2020;12;0.2;;;;;0.08;;;;;;;;0.18;;;;;;;;0.24;;;;;;;;0.1;
12;32;5;27;12032005_27_M;2020;1;;;;;;;;;;;;;;;;;;;;;;;;;;;;;;;
12;32;5;27;12032005_27_M;2020;2;;;;;;;;;;;;;;;;;;;;;;;;;;;;;;;
12;32;5;27;12032005_27_M;2020;3;;;;;;;;;0.1;;;;0.04;;;;;;;;;;;;;;;;;;
12;32;5;27;12032005_27_M;2020;4;;;;;;;;;;;;;;;;;;;;;;;;;;;;;;;
12;32;5;27;12032005_27_M;2020;5;;;;;;;;;;;;;;;;;;;;;;;;;;;;;;;
12;32;5;27;12032005_27_M;2020;6;;;;;;;;;;;;;;;;;;;;;;;;;;;;;;;
12;32;5;27;12032005_27_M;2020;7;;;;;;;;;;;;;;;;;;;;;;;;;;;0.04;;;0.04;
12;32;5;27;12032005_27_M;2020;8;;;;;;;;;;;;;;;;;;;;0.04;;;;;;;;0.04;;;
12;32;5;27;12032005_27_M;2020;9;;;;;;;;;;;;;;;;;;;;;;;;;;;;;;;
12;32;5;27;12032005_27_M;2020;10;;;;;;;;;;;;;;;;;;;;;;;;;;;;;;;
12;32;5;27;12032005_27_M;2020;11;;;;;;;;;;;;;;;;;;;;0.07;;;;;;;;;;;
12;32;5;27;12032005_27_M;2020;12;;;;;;;;;;;;;;;;;;;;;;;;;;;;;;;
46;220;9;27;46220009_27_M;2020;1;;;;;;;;;;;;;;;;;;;;;;;;;;;;;;;
46;220;9;27;46220009_27_M;2020;2;;0.08;;;0.04;;;;0.11;;;;;;;;;;;;;;;;;;;;;;
46;220;9;27;46220009_27_M;2020;3;;;;;0.04;;;;0.04;;;;0.07;;;;;;;;0.04;;;;;;;;0.04;;
46;220;9;27;46220009_27_M;2020;4;;;;;;;;;;;;;;;;;;;;;;;;;;;;;;;
46;220;9;27;46220009_27_M;2020;5;;;;;;;;0.04;;;;0.04;;;;0.04;;;;;;;;;;;;;;;
46;220;9;27;46220009_27_M;2020;6;;;;;;;;;0.04;;;;;;;;;;;;;;;;0.04;;;;;;
46;220;9;27;46220009_27_M;2020;7;;;0.04;;;;;;;;0.04;;;;0.04;;;;0.04;;;;;;;;0.04;;;;
46;220;9;27;46220009_27_M;2020;8;;;;0.04;;0.04;;;;;;0.04;;;;;;;;;;;;;;;;0.04;;;
46;220;9;27;46220009_27_M;2020;9;;;;0.04;;;;;;;;;;;;;;;;;;;;;;;;;;;
46;220;9;27;46220009_27_M;2020;10;;;;;0.04;;;;;;;;;;0.04;;;;;;;;0.04;;;;;;;;
46;220;9;27;46220009_27_M;2020;11;;;;;;;;0.1;;;;;;;;0.04;;;;0.11;;;;0.12;;;;;;;
46;220;9;27;46220009_27_M;2020;12;;;;;;;;;;;;;;;;;;;;;;;;;;;;;;;
45;168;2;27;45168002_27_M;2020;1;;;;;;;;;;;0.269;0.255;0.283;0.311;0.206;0.182;0.121;0.07;0.024;0.017;0.021;0.05;0.033;0.048;;;;0.031;0.019;0.042;0.024
45;168;2;27;45168002_27_M;2020;2;0.023;0.051;0.111;0.18;0.102;0.074;0.084;0.105;0.1;0.053;;;;;0.115;0.091;0.045;;0.106;0.112;0.175;;0.108;0.125;0.052;;;0.003;;;
45;168;2;27;45168002_27_M;2020;3;;;;;;;0.003;0.014;0.007;;;;;;;;;;;;;;;;;;;;;;
45;168;2;27;45168002_27_M;2020;4;;;;;;;;;;;;;;;;;;;;;;;;;;;;;;;
45;168;2;27;45168002_27_M;2020;5;;;;;;;;;;;;;;;;;;;;;;;;;;;;;;;
45;168;2;27;45168002_27_M;2020;6;;;;;;;;;;;;;;;;;;;0.003;0.003;0.006;0.003;0.005;0.003;0.016;0.003;0.004;0.003;0.003;0.004;
45;168;2;27;45168002_27_M;2020;7;0.006;0.003;;;;;;;;0.007;0.004;0.008;0.005;0.008;0.007;0.003;0.005;0.006;0.003;0.005;0.02;0.013;0.009;;;;;;;;
45;168;2;27;45168002_27_M;2020;8;;;;;;;;0.008;0.014;0.044;0.009;0.008;0.008;0.005;0.003;0.003;0.003;0.003;0.003;0.003;;;;;;;;;;;
45;168;2;27;45168002_27_M;2020;9;;;;;;;;;;;;;;0.004;0.004;0.011;0.003;0.003;0.003;0.003;0.005;0.003;0.003;0.005;0.003;0.003;;;;;
45;168;2;27;45168002_27_M;2020;10;0.008;0.003;0.008;0.018;0.035;0.028;0.021;0.009;0.048;0.031;0.008;0.018;0.049;0.003;;;;;;;;;;;;;;;0.08;0.094;0.186
45;168;2;27;45168002_27_M;2020;11;0.186;0.069;0.066;0.017;0.014;0.003;0.025;0.04;0.117;0.116;0.14;;;;;;;;;;0.003;0.009;0.01;0.013;0.003;0.003;0.003;0.003;0.003;0.003;
45;168;2;27;45168002_27_M;2020;12;0.004;0.005;;;;;;;;;;;;;;;;;;;;;;;;;;;;;
2;3;1;27;02003001_27_M;2020;1;;;;;;;;;0.054;0.13;0.273;0.244;0.34;0.219;0.181;0.159;0.069;0.023;0.009;0.011;0.012;0.057;0.065;;;;;0.014;0.034;0.014;0.019
2;3;1;27;02003001_27_M;2020;2;0.012;0.044;0.201;0.101;0.054;0.017;0.058;0.06;0.045;0.067;;;0.051;0.13;0.207;0.237;0.126;0.019;0.02;0.023;0.035;0.048;0.039;0.051;0.07;0.03;;0.059;0.019;;
2;3;1;27;02003001_27_M;2020;3;0.003;0.007;0.014;0.012;;0.021;0.023;0.029;0.037;0.003;0.022;0.038;;0.011;0.003;0.003;0.003;0.003;0.003;0.003;0.003;0.015;0.003;;0.003;0.003;0.003;;;;
2;3;1;27;02003001_27_M;2020;4;;;;;;;;;;;;;;;;;;;;;;;;;;;;;;;
2;3;1;27;02003001_27_M;2020;5;;;;;;;;;;;;;;;;;;;;;;;;;;;;;;;
2;3;1;27;02003001_27_M;2020;6;;;;;;;;;;;;;;;;;;0.006;0.003;0.004;0.006;0.008;0.004;0.004;0.004;0.009;0.005;0.005;0.009;0.005;
2;3;1;27;02003001_27_M;2020;7;0.008;;0.003;0.003;0.003;0.003;0.005;0.003;0.005;0.003;0.005;0.004;0.003;0.006;0.006;0.004;;;;;;;;;;;;;;;
2;3;1;27;02003001_27_M;2020;8;;;;;;;;;;;;;0.011;0.006;0.01;0.012;0.007;0.011;0.004;0.008;0.02;0.008;0.004;0.005;0.005;;;;;;
2;3;1;27;02003001_27_M;2020;9;;;;;;;;;;;;;;0.008;0.005;0.005;0.003;0.006;0.005;0.003;0.003;0.009;;;0.003;0.003;0.003;0.003;0.003;0.003;
2;3;1;27;02003001_27_M;2020;10;0.003;0.003;0.003;0.003;0.003;0.003;0.003;0.003;0.003;0.003;0.008;0.015;0.02;0.003;0.003;0.03;0.003;0.003;0.003;0.003;0.003;0.003;0.003;;;;;;;;0.008
2;3;1;27;02003001_27_M;2020;11;0.007;0.004;0.003;0.003;0.003;0.003;0.003;0.003;0.003;0.003;0.003;0.003;0.003;;;;;;;;0.003;0.003;0.004;0.005;0.003;0.003;0.003;0.003;0.003;0.003;
2;3;1;27;02003001_27_M;2020;12;0.003;0.003;0.005;0.003;;;;;;;;;;;;;;;;;;;;;;;;;;;
13;71;15;27;13071015_27_M;2020;1;;;;;;;;;;;;0.211;;;;;0.11;;;;;;;;;;;;;;
13;71;15;27;13071015_27_M;2020;2;;;;0.322;;;;;;;0.109;;;;;;;0.015;;;;;;;;;0.068;;;;
13;71;15;27;13071015_27_M;2020;3;;;0.003;;;;;;0.09;;;;;;;;;;;;;;;;;;;;;;
13;71;15;27;13071015_27_M;2020;4;;;;;;;;;;;;;;;;;;;;;;;;;;;;;;;
13;71;15;27;13071015_27_M;2020;5;;;;;;;;;;;;;;;;;;;;;;;;;;;;;;;
13;71;15;27;13071015_27_M;2020;6;;;0.003;;;;;;;;;;;;0.003;;;;;;;;0.024;;;;;;;;
13;71;15;27;13071015_27_M;2020;7;;0.011;;;;;0.025;;;;;;;;;0.013;;;;;;;;;;;;0.057;;;
13;71;15;27;13071015_27_M;2020;8;;;;;;;;;;;;;;;;;;;;;0.024;;;;;;0.074;;;;
13;71;15;27;13071015_27_M;2020;9;0.062;;;;;;;0.003;;;;;;;;0.066;;;;;;;;;;;;;;;
13;71;15;27;13071015_27_M;2020;10;0.018;;;;;;;0.121;;;;;;;0.046;;;;;;;;;0.091;;;;;0.033;;
13;71;15;27;13071015_27_M;2020;11;;;0.043;;;;;;0.041;;;;;;;;0.131;;;;;;;;;;;;;;
13;71;15;27;13071015_27_M;2020;12;;;;;;;;;;0.003;;;;;0.003;;;;;;;0.003;;;;;;0.003;;;
8;283;4;27;08283004_27_M;2020;1;;;;;;;;0.53;;;;;;;;0.14;;;;;;;;0.44;;;0.14;;;;
8;283;4;27;08283004_27_M;2020;2;;0.14;;;0.14;;;;;;;;;;;;;;;0.14;;;;;;;0.21;;;;
8;283;4;27;08283004_27_M;2020;6;0.17;;;;;;;0.14;;;;;;;;;;;0.14;;;;;;0.14;;;;;;
8;283;4;27;08283004_27_M;2020;3;;;;;0.14;;;;;0.14;;;;;;;;;;;0.14;;0.14;;;;;;;;
8;283;4;27;08283004_27_M;2020;4;;;;;0.14;;0.14;;;;;;;;;0.16;;;;0.14;;;;;0.14;;;0.14;;;
8;283;4;27;08283004_27_M;2020;5;;;;;;;0.14;;;;;;0.14;;;;;0.14;;;;0.14;;;;;;;0.14;;
8;283;4;27;08283004_27_M;2020;10;;;;;;0.14;;;;;;0.14;;;;;;;;;0.14;;;;;;;0.14;;;
8;283;4;27;08283004_27_M;2020;7;;;;;;0.14;;;;;;;;;;0.14;;;;0.14;;;;;;;;;0.14;;
8;283;4;27;08283004_27_M;2020;8;;;;0.14;;;;;;0.14;;;;;;;;0.14;;;;;;;;;;0.14;;;
8;283;4;27;08283004_27_M;2020;9;;0.15;;;;;0.14;;;;;;0.14;;0.14;;;;;;;;;0.14;;;;;;;
8;283;4;27;08283004_27_M;2020;11;;0.14;;;;;;;;0.14;;;;;;;;0.17;;;;;;;;0.24;;;;0.29;
8;283;4;27;08283004_27_M;2020;12;;;;;;;;;;0.37;;;;;;;;0.14;;;;0.47;;;;;;;;;0.18
8;298;10;27;08298010_27_M;2020;1;;1.87;;;;;1.98;;;;;;3.06;;;;;;;;;0.17;;;;;;0.97;;;
8;298;10;27;08298010_27_M;2020;2;;;;;0.57;;;;;;;0.14;;;;;0.14;;;;;;;;;0.14;;;;;
8;298;10;27;08298010_27_M;2020;3;;0.14;;;;;;;;;0.15;;;;;0.14;;;;;;;;;;;;;;;
8;298;10;27;08298010_27_M;2020;4;;;;;;0.14;;;;;;;0.14;0.14;;;;;;;;0.14;;;;;0.14;;;0.14;
8;298;10;27;08298010_27_M;2020;5;;;;0.14;;0.14;;;;;;0.14;;;;;;;;;0.14;;;;0.14;;;;;;
8;298;10;27;08298010_27_M;2020;6;;0.14;;;;;;0.14;;;;;;;;;;0.14;;;;;0.14;;;;;;;;
8;298;10;27;08298010_27_M;2020;7;;;;;;;0.14;;;;;;;;;0.14;;;;0.14;;;;;;;;0.14;;;
8;298;10;27;08298010_27_M;2020;8;;;0.14;;;;;;;;;;0.14;;;;0.14;;;;;;;0.14;;;;;;;0.14
8;298;10;27;08298010_27_M;2020;9;;;;;;;;0.14;;;;;;;;0.14;;;;;;;;;0.15;;;0.14;;;
8;298;10;27;08298010_27_M;2020;10;;;;;;0.14;;;;;;;;0.18;;;;;0.46;;;;;;;;0.5;;;;
8;298;10;27;08298010_27_M;2020;11;;0.18;;;;;;;;;0.51;;;;;;0.44;;;;;;;;;1.65;;;;0.9;
8;298;10;27;08298010_27_M;2020;12;;;;;;;;;1.81;;;;;;;;2.23;;;;;1.53;;;;;;;;;1.53
8;14;1;27;08014001_27_M;2020;1;;;;;;1.72;1.69;;;;;;;1.81;;;;;;;;;0.7;;;;;0.84;;;
8;14;1;27;08014001_27_M;2020;2;;;0.29;;;;;;;0.14;;;;;;;;0.52;;;;;;0.52;;;;;;;
8;14;1;27;08014001_27_M;2020;3;;;;0.26;;;;;0.14;;;;;;;;;;;0.19;;;;;;;0.15;;;;
8;14;1;27;08014001_27_M;2020;4;;;;;0.14;;;;;0.14;;;;;;;;;;0.14;;;;;0.14;;;;;;
8;14;1;27;08014001_27_M;2020;5;;0.14;;;0.14;;0.14;;;;;;;;;;0.14;0.17;;;;;;;0.14;;;;;;
8;14;1;27;08014001_27_M;2020;6;;0.14;;;;;;0.14;;;;;;;;;;0.14;;;;;;;0.14;;;;;;
8;14;1;27;08014001_27_M;2020;7;;;;;;0.14;;;;;;;;0.15;;;;;;;;;0.14;;;;;;0.14;;
8;14;1;27;08014001_27_M;2020;11;;;;;0.28;;;;;;;;1.11;;;0.45;;;;1.39;;;;2.09;;;;;;;
8;14;1;27;08014001_27_M;2020;8;;;;0.14;;;;;;;;;0.14;;;;0.14;;;;;;;;;;;0.14;;;
8;14;1;27;08014001_27_M;2020;9;0.14;;;;;;0.14;;;;;;;;0.14;;0.14;;;;;;0.14;;;;;;;;
8;14;1;27;08014001_27_M;2020;10;;;;;;0.14;;;;;;0.21;;;;;;;;;0.35;;;;;;0.44;;;;
8;14;1;27;08014001_27_M;2020;12;;;;;;;;;;2.23;;;;1.39;;;;;;;;1.53;;;;;;;;;0.62
48;20;6;27;48020006_27_M;2020;1;;;;0.2;0.2;;;;0.05;;;;0.1;;;;0.05;;;;0.2;;;;0.1;;;;0.1;;0.1
48;20;6;27;48020006_27_M;2020;2;;0.05;;0.05;;0.05;;;;0.05;;;0.05;;;;;;;;;;;;;;;;;;
48;20;6;27;48020006_27_M;2020;3;;;;;;;;;;;;;;;;;;;;;;;;;;;;;;;
48;20;6;27;48020006_27_M;2020;4;;;;;;;;0.05;;;0.05;;;;0.05;;;;0.05;;;;0.05;;;;0.05;;;0.05;
48;20;6;27;48020006_27_M;2020;6;;0.05;;;;0.05;;;;0.05;;;;0.05;;;;0.05;;;;;;;;;;;;0.05;
48;20;6;27;48020006_27_M;2020;7;0.05;;;;0.05;;;;0.05;;;;0.05;;;;0.05;;;;0.05;;;;0.05;;;;0.05;0.05;0.05
48;20;6;27;48020006_27_M;2020;8;0.05;0.05;0.05;0.05;0.05;0.05;0.05;0.05;0.05;0.05;0.05;0.05;0.05;0.05;;;;0.05;;;;0.05;;;;0.1;;;;;0.05
48;20;6;27;48020006_27_M;2020;9;0.05;0.05;0.05;0.05;;;0.05;0.05;0.05;0.05;0.05;0.05;;;;0.05;;;;0.05;;;;0.05;;;;0.05;;;
48;20;6;27;48020006_27_M;2020;10;;0.05;0.05;0.05;;0.05;;;;0.05;0.05;0.05;0.05;0.05;;;;;;;;;;0.05;0.05;0.05;0.05;;;;
48;20;6;27;48020006_27_M;2020;11;0.05;;0.05;;;;0.05;0.05;;;0.05;;;;0.05;;;;0.1;;;;0.5;;;;0.2;;;;
48;20;6;27;48020006_27_M;2020;12;0.1;;;0.05;0.05;;;;0.1;;;;0.05;;;;0.2;;;;0.05;;;;0.05;;;0.05;0.05;;
48;20;6;27;48020006_27_M;2020;5;;;;0.05;;;;0.05;;;;0.05;;;;0.05;;;;0.05;;;;0.05;;;;0.05;;;
48;902;9;27;48902009_27_M;2020;1;0.5;;;;0.6;;;;0.05;;;;0.05;;;;0.05;;;;0.6;;;;0.3;;;;0.1;;0.05
48;902;9;27;48902009_27_M;2020;2;;0.05;;0.05;;0.1;;;;0.6;;;;0.2;;;;0.2;;;;0.05;;;;0.05;;;;;
48;902;9;27;48902009_27_M;2020;3;;0.05;;;;0.05;;;;0.2;;;;0.1;;;;0.05;;;;;;;;;;;;;
48;902;9;27;48902009_27_M;2020;4;;;;;;;;;;;;;;;;;;;;;;;;;;;;;;;
48;902;9;27;48902009_27_M;2020;5;;;;;;;;;;;;;;;;;;;;;;;;0.05;;;;0.05;;;
48;902;9;27;48902009_27_M;2020;6;0.05;;;;;0.05;;;;0.05;;;;0.05;;;;0.05;;;;;1.5;;;;0.05;;;;
48;902;9;27;48902009_27_M;2020;7;0.05;0.05;0.05;0.05;0.05;;;;0.05;0.05;0.05;0.05;0.05;;;;;0.05;;;0.05;;;;0.05;;;;0.05;;0.05
48;902;9;27;48902009_27_M;2020;8;0.05;;;;0.05;0.05;;0.05;;0.05;;0.05;;0.05;0.05;0.05;;0.05;;;;0.05;;;;0.05;;;;;0.05
48;902;9;27;48902009_27_M;2020;9;;;;0.05;0.05;;0.05;0.05;;;;0.05;;;;0.05;;;0.05;0.05;;;;0.05;0.05;0.05;;0.05;;;
48;902;9;27;48902009_27_M;2020;10;;0.05;0.05;0.05;;0.05;;;;0.05;0.05;0.05;0.05;0.05;;;;0.3;;;;0.05;;;;0.05;;;;;0.05
48;902;9;27;48902009_27_M;2020;11;0.05;0.05;0.05;0.05;;;0.05;0.05;;;0.05;;;0.05;0.05;;;;0.1;;;;1.0;;;;0.2;;;;
48;902;9;27;48902009_27_M;2020;12;0.1;;;;0.05;;;;0.1;;;;0.05;;;;0.2;;;;0.05;0.05;0.05;0.05;0.05;;;0.05;0.05;;
1;59;9;27;01059009_27_M;2020;1;0.2;;;;0.2;;;;0.05;;;;;;;;0.05;;0.05;;0.05;;;;0.1;;0.05;;0.1;;0.05
1;59;9;27;01059009_27_M;2020;2;;0.05;;0.05;;0.5;;;;0.05;;;;0.05;;;0.05;0.05;;;;0.2;;;;0.05;;;;;
1;59;9;27;01059009_27_M;2020;3;;0.05;;0.05;;0.05;;;;0.5;;;;0.05;;;;0.2;;;;0.05;;;;0.05;;;;0.05;
1;59;9;27;01059009_27_M;2020;4;;;0.1;;;;0.05;;;;0.05;;;;0.05;;0.05;;;;;;;0.05;;;0.05;0.05;;0.05;
1;59;9;27;01059009_27_M;2020;5;;;;0.05;;;;0.05;;;0.05;;0.05;;;0.05;;;;0.05;;;;0.05;;;;0.05;;;
1;59;9;27;01059009_27_M;2020;6;;0.05;;;;0.05;;;;0.05;;0.05;;0.05;;;;0.05;;;;;0.05;;;;0.05;;;;
1;59;9;27;01059009_27_M;2020;7;0.05;;0.05;;0.05;;;;0.05;;;;0.05;;0.05;;0.05;;;;0.05;;;;0.05;;;;0.05;;
1;59;9;27;01059009_27_M;2020;8;;0.05;;;;0.05;;;;0.05;;;;0.05;;0.05;;0.05;;;;0.05;;;;0.05;;;;;
1;59;9;27;01059009_27_M;2020;9;;;;0.05;;;;0.05;;;;0.05;;;;0.05;;;;0.05;;;;0.05;;0.05;;0.05;;;
1;59;9;27;01059009_27_M;2020;10;;0.05;;0.05;;0.05;;;;0.05;;0.05;;0.05;;;;0.2;;;;0.05;;;;0.05;;;;0.05;
1;59;9;27;01059009_27_M;2020;11;0.05;;0.05;;;;0.05;;;;0.2;;;;0.05;;;;0.2;;;;0.5;;;;0.1;;;;
1;59;9;27;01059009_27_M;2020;12;0.2;;;;0.05;;;;0.05;;;;0.05;;;;0.1;;;;0.05;;;;0.05;;0.05;;0.05;;
20;69;5;27;20069005_27_M;2020;1;0.3;;;;0.2;;;;0.05;;;;0.2;;;;0.05;;0.1;;0.4;;;;;;0.05;;0.1;;0.05
20;69;5;27;20069005_27_M;2020;2;;0.05;;0.05;;0.1;;;0.05;0.05;;;;0.1;;0.05;;;;;;0.05;;;;0.05;;;;;
20;69;5;27;20069005_27_M;2020;3;;0.05;;;;0.05;;0.05;;0.1;;;;0.05;;0.05;;0.05;;;;0.05;;;;0.05;;;;0.05;
20;69;5;27;20069005_27_M;2020;4;;;0.05;;0.05;;;0.05;;;;;;;;;;;;;;;0.05;;;;0.05;;0.05;0.05;
20;69;5;27;20069005_27_M;2020;5;0.05;;;;;0.05;;0.05;;;;0.05;;;;0.05;;;;0.05;;;;;0.05;;;0.05;;;
20;69;5;27;20069005_27_M;2020;6;;0.05;;;;0.05;;;;0.05;;0.05;;0.05;;;;0.05;;0.05;;;0.3;;;;0.05;;;;
20;69;5;27;20069005_27_M;2020;7;0.05;;0.05;;0.05;;;;0.05;;;;0.05;;0.05;;0.05;;;;0.05;;;;0.05;;;;0.05;;
20;69;5;27;20069005_27_M;2020;8;;0.1;;0.1;;0.1;;;;0.1;;;;0.1;;0.1;;0.1;;;;0.1;;;;0.1;;;;;0.1
20;69;5;27;20069005_27_M;2020;9;;;;0.05;;0.05;;0.05;;;;0.05;;;;0.05;;;;0.05;;;;0.05;;0.05;;0.05;;;
20;69;5;27;20069005_27_M;2020;10;;0.05;;0.05;;0.05;;;;0.05;0.05;;;;;;;0.1;;;;0.05;;0.05;;0.05;;;;0.1;
20;69;5;27;20069005_27_M;2020;11;;;0.05;;;;0.05;;;;0.05;;;;0.05;;;;0.05;;;;0.4;;0.3;;0.2;;;;
20;69;5;27;20069005_27_M;2020;12;0.1;;;;0.05;;;;0.05;;;;0.05;;;;0.2;;;;0.05;;;;0.05;;;;0.05;;
30;16;20;27;30016020_27_M;2020;4;0.03;0.03;0.03;0.03;0.03;0.03;0.03;0.03;0.03;0.03;0.03;0.03;0.03;0.03;0.03;0.03;0.03;0.03;0.03;0.03;0.03;0.03;0.03;0.03;0.03;0.03;0.03;0.03;0.03;0.03;
30;16;20;27;30016020_27_M;2020;1;0.03;0.03;0.03;0.03;0.03;0.03;0.03;0.03;0.03;0.03;0.03;0.03;0.03;0.03;0.03;0.03;0.03;0.03;0.03;0.03;0.03;0.03;0.03;0.03;0.03;0.03;0.03;0.03;0.03;0.03;0.03
30;16;20;27;30016020_27_M;2020;2;0.03;0.03;0.03;0.03;0.03;0.03;0.03;0.03;0.03;0.03;0.03;0.03;0.03;0.03;0.03;0.03;0.03;0.03;0.03;0.03;0.03;0.03;0.03;0.03;0.03;0.03;0.03;0.03;0.03;;
30;16;20;27;30016020_27_M;2020;3;0.03;0.03;0.03;0.03;0.03;0.03;0.03;0.03;0.03;0.03;0.03;0.03;0.03;0.03;0.03;0.03;0.03;0.03;0.03;0.03;0.03;0.03;0.03;0.03;0.03;0.03;0.03;0.03;0.03;0.03;0.03
30;16;20;27;30016020_27_M;2020;5;0.03;0.03;0.03;0.03;0.03;0.03;0.03;0.03;0.03;0.03;0.03;0.03;0.03;0.03;0.03;0.03;0.03;0.03;0.03;0.03;0.03;0.03;0.03;0.03;0.03;0.03;0.03;0.03;0.03;0.03;0.03
30;16;20;27;30016020_27_M;2020;6;0.03;0.03;0.03;0.03;0.03;0.03;0.03;0.03;0.03;0.03;0.03;0.03;0.03;0.03;0.03;0.03;0.03;0.03;0.03;0.03;0.03;0.03;0.03;0.03;0.03;0.03;0.03;0.03;0.03;0.03;
30;16;20;27;30016020_27_M;2020;7;0.03;0.03;0.03;0.03;0.03;0.03;0.03;0.03;0.03;0.03;0.03;0.03;0.03;0.03;0.03;0.03;0.03;0.03;0.03;0.03;0.03;0.03;0.03;0.03;0.03;0.03;0.03;0.03;0.03;0.03;0.03
30;16;20;27;30016020_27_M;2020;8;0.03;0.03;0.03;0.03;0.03;0.03;0.03;0.03;0.03;0.03;0.03;0.03;0.03;0.03;0.03;0.03;0.03;0.03;0.03;;;;;;;;;0.03;0.03;0.03;0.03
30;16;20;27;30016020_27_M;2020;9;0.03;0.03;0.03;0.03;0.03;0.03;0.03;0.03;0.03;0.03;0.03;0.03;0.03;0.03;0.03;0.03;0.03;0.03;0.03;0.03;0.03;0.03;0.03;0.03;0.03;0.03;0.03;0.03;0.03;0.03;
30;16;20;27;30016020_27_M;2020;10;0.03;0.03;0.03;0.03;0.03;0.03;0.03;0.03;0.03;0.03;0.03;0.03;0.03;0.03;0.03;0.03;0.03;0.03;0.03;0.03;0.03;0.03;0.03;0.03;0.03;0.03;0.03;0.03;0.03;0.03;0.03
30;16;20;27;30016020_27_M;2020;11;0.03;0.03;0.03;0.03;0.03;0.03;0.03;0.03;0.03;0.03;0.03;0.03;0.03;0.03;0.03;0.03;0.03;0.03;0.03;0.03;0.03;0.03;0.03;0.03;0.03;0.03;0.03;0.03;0.03;0.03;
30;16;20;27;30016020_27_M;2020;12;0.03;0.03;0.03;0.03;0.03;0.03;0.03;0.03;0.03;0.03;;;0.03;0.03;0.03;0.03;0.03;0.03;0.03;0.03;0.03;0.03;0.03;0.03;0.03;0.03;0.03;0.03;0.03;0.03;0.03
33;24;25;27;33024025_27_M;2020;1;;;;;;;;1.6;;;;;;1.3;;;;;;;;;1.3;;;;;0.3;;;
33;24;25;27;33024025_27_M;2020;2;;;0.5;;;;1.0;;;;;;;;1.1;;;1.7;1.7;1.7;;;;;;;;0.2;0.2;;
33;24;25;27;33024025_27_M;2020;3;0.2;;0.1;0.1;0.1;;;;;;;0.1;0.1;0.1;;;0.1;0.1;0.1;;;;;;;;0.2;0.2;0.2;;
33;24;25;27;33024025_27_M;2020;4;;;0.1;0.1;0.1;;;;0.1;0.1;0.1;;;0.1;0.1;0.1;;;;;;;;;0.1;0.1;0.1;;;;
33;24;25;27;33024025_27_M;2020;5;0.1;0.1;0.1;;0.1;0.1;0.1;;;;;;;;;;;;0.1;0.1;0.1;;;;;;;;;0.1;0.1
33;24;25;27;33024025_27_M;2020;6;0.1;;;;;0.1;0.1;0.1;;;;;;;;0.1;0.1;0.1;;;;;0.1;0.1;0.1;;0.1;0.1;0.1;;
33;24;25;27;33024025_27_M;2020;7;;;;;;;;;;0.1;0.1;0.1;;0.1;0.1;0.1;;;;;0.1;0.1;0.1;;0.1;0.1;0.1;;;;
33;24;25;27;33024025_27_M;2020;8;;;;0.1;0.1;0.1;;;;;;0.1;0.1;0.1;;;;0.1;0.1;0.1;;0.1;0.1;0.1;;;;;;;
33;24;25;27;33024025_27_M;2020;9;;;;0.1;0.1;0.1;;0.1;0.1;0.1;;;;;;;;0.2;0.2;0.2;;;;;;0.1;0.1;0.1;;;
33;24;25;27;33024025_27_M;2020;10;;;;;;;;;0.1;0.1;0.1;;0.1;0.1;0.1;;;;;;;;0.3;0.3;0.3;;0.3;0.3;0.3;;
33;24;25;27;33024025_27_M;2020;11;;;;;;0.3;0.3;0.3;;;;0.7;0.7;0.7;;;0.3;0.3;0.3;;1.3;1.3;1.3;;;;;;;;
33;24;25;27;33024025_27_M;2020;12;;;;;;;;;;0.5;;;;;;;;;;;;;;;;;;;;;
41;91;16;27;41091016_27_M;2020;1;;;;0.091;;;;;;0.091;;;;;;0.091;;;;;;0.091;;;;;;0.091;;;
41;91;16;27;41091016_27_M;2020;2;;;;;;0.091;;;;;;0.091;;;;;;0.091;;;;;;0.091;;;;;;;
41;91;16;27;41091016_27_M;2020;3;;;;0.091;;;;;;0.091;;;;;;;;;;;0.091;;;;0.091;;;;0.091;;
41;91;16;27;41091016_27_M;2020;4;;;;;;;;;;;;;;;;;;;0.091;;0.091;;0.091;;0.091;;0.091;;;;
41;91;16;27;41091016_27_M;2020;5;;;;;;0.091;;;;0.091;;;;;0.091;;;;;;0.091;;;;;;0.091;;;;
41;91;16;27;41091016_27_M;2020;6;;;;;0.091;;;;;;0.091;;;;;;0.091;;;;;;0.091;;;;;;0.091;;
41;91;16;27;41091016_27_M;2020;7;;;;;0.091;;;;;;0.091;;;;;;0.091;;;;;;0.091;;;;;;0.091;;
41;91;16;27;41091016_27_M;2020;8;;;;0.091;;;;;;0.091;;;;;;0.091;;;;;;0.091;;;;;;0.091;;;
41;91;16;27;41091016_27_M;2020;9;;;;;;0.091;;;;;;0.091;;;;;;0.091;;;;;;0.091;;;;;;0.091;
41;91;16;27;41091016_27_M;2020;10;;;;;;0.091;;;;;;0.091;;;;;;0.091;;;;;;0.091;;;;;;0.091;
41;91;16;27;41091016_27_M;2020;11;;;;;;0.091;;;;;0.091;;;;;;0.091;;;;;;0.091;;;;;;0.091;;
41;91;16;27;41091016_27_M;2020;12;;;;;0.091;;;;;;0.091;;;;;;0.091;;;;;;0.091;;;;;;0.091;;
41;88;1;27;41088001_27_M;2020;1;;;;;;;0.27;;;;;;0.27;;;;;;0.27;;;;;;0.27;;;;;;0.27
41;88;1;27;41088001_27_M;2020;2;;;;;;0.091;;;;;;0.091;;;;;;0.091;;;;;;0.091;;;;;;;
41;88;1;27;41088001_27_M;2020;3;;;;0.091;;;;;;0.091;;;;;;0.091;;;;;;0.091;;;;;;0.091;;;
41;88;1;27;41088001_27_M;2020;4;;;;;;;;;;;;;;;;;;;;;;0.091;;0.091;;0.091;;0.091;;0.091;
41;88;1;27;41088001_27_M;2020;5;;;;;;;;;0.091;;;;0.091;;;;;0.091;;;;;;0.091;;;;;;0.091;
41;88;1;27;41088001_27_M;2020;6;;;;;0.091;;;;;;0.091;;;;;;0.091;;;;;;0.091;;;;;;0.091;;
41;88;1;27;41088001_27_M;2020;7;;;;;0.091;;;;;;0.091;;;;;;0.091;;;;;;0.091;;;;;;0.091;;
41;88;1;27;41088001_27_M;2020;8;;;;0.091;;;;;;0.091;;;;;;0.091;;;;;;0.091;;;;;;0.091;;;
41;88;1;27;41088001_27_M;2020;9;;;;;;0.091;;;;;;0.091;;;;;;0.091;;;;;;0.091;;;;;;0.091;
41;88;1;27;41088001_27_M;2020;10;;;;;;0.091;;;;;;0.091;;;;;;0.091;;;;;;0.091;;;;;;0.091;
41;88;1;27;41088001_27_M;2020;11;;;;;0.091;;;;;;0.091;;;;;;0.091;;;;;;0.091;;;;;;0.091;;
41;88;1;27;41088001_27_M;2020;12;;;;;0.091;;;;;;0.091;;;;;;0.091;;;;;;0.091;;;;;;0.091;;
23;97;1;27;23097001_27_M;2020;1;3.2;;;;;;3.7;;;;;;;;;;;;0.22;;;;;;;;;;;;
23;97;1;27;23097001_27_M;2020;2;;3.3;3.2;;;;;;3.2;;;;;;2.6;;;;;;2.5;;;;;;1.0;;;;
23;97;1;27;23097001_27_M;2020;3;0.47;;;;;;1.9;;;;;;0.4;;;;;;0.5;;;;;;0.14;;;;;;0.4
23;97;1;27;23097001_27_M;2020;4;;;;;;;;;;;;;;;;;;;;;;;0.055;0.11;0.12;0.041;0.069;0.069;0.069;0.028;
23;97;1;27;23097001_27_M;2020;5;0.096;0.25;;;;0.027;;;0.027;;;0.028;;;0.027;;;0.45;;;0.027;;;0.28;;;0.027;;0.027;0.027;
23;97;1;27;23097001_27_M;2020;6;;0.054;;;0.027;;;0.068;;;0.027;;;0.027;;;0.027;;;0.027;;;0.027;;;0.027;;;0.027;;
23;97;1;27;23097001_27_M;2020;7;;;;;;;;0.091;;;0.091;;;0.091;;;0.091;;;0.091;;;0.091;;;0.091;;;0.091;0.091;0.091
23;97;1;27;23097001_27_M;2020;8;0.091;;;0.091;;;0.091;;;0.091;;;0.091;;;0.091;;;0.091;;;0.091;;;0.091;;;0.091;;;0.091
23;97;1;27;23097001_27_M;2020;9;;;0.091;;;0.091;;;0.091;;;0.091;;;0.091;;;0.091;;;0.091;;;0.091;;;0.091;;;0.091;
23;97;1;27;23097001_27_M;2020;10;;;0.091;;;0.63;;;0.091;;;0.09;;;0.27;;;0.27;;;0.091;;;0.091;;;0.27;;;0.45;
23;97;1;27;23097001_27_M;2020;11;;0.27;;;0.27;;;0.45;;;1.0;;;0.63;;;0.63;;;0.82;;;1.5;;;1.4;;;2.6;;
23;97;1;27;23097001_27_M;2020;12;;1.7;;;;;;0.27;;;0.27;;;1.7;;;2.6;;;1.5;;;2.6;;;1.5;;;0.63;;
8;19;4;27;08019004_27_M;2020;1;0.434;;;0.379;;0.676;;0.822;;;0.253;;0.474;;0.699;;;0.191;;0.05;;0.05;;;0.25;;0.157;;0.278;;
8;19;4;27;08019004_27_M;2020;2;0.236;;0.311;;0.16;;;0.167;;0.211;;0.05;;;0.057;;;;0.136;;;0.068;;0.166;;0.05;;;0.064;;
8;19;4;27;08019004_27_M;2020;3;;0.05;;0.101;;;0.05;;0.093;;0.105;;;0.05;;;;;;0.066;;;;0.05;;;;0.064;;;
8;19;4;27;08019004_27_M;2020;4;0.05;;;;0.05;;;;0.05;;;;;;;;0.05;;;;;0.05;;;0.05;;0.05;;0.05;;
8;19;4;27;08019004_27_M;2020;5;;0.05;;0.05;;0.05;;;0.05;;0.05;;0.05;;;0.05;;0.05;;0.05;;;0.05;;0.05;;0.05;;;0.05;
8;19;4;27;08019004_27_M;2020;6;0.05;;;0.05;;;0.05;;0.05;;0.05;;;0.05;;0.05;;0.05;;;0.05;;;0.05;;;;0.05;;;
8;19;4;27;08019004_27_M;2020;7;0.05;;;0.05;;0.05;;0.05;;;0.05;;0.05;;0.05;;;0.05;;0.05;;0.05;;;0.05;;0.05;;0.058;;
8;19;4;27;08019004_27_M;2020;8;;;;;0.05;;;0.05;;0.05;;0.05;;;0.05;;0.05;;0.05;;;0.05;;0.05;;0.05;;;0.05;;0.05
8;19;4;27;08019004_27_M;2020;9;;0.05;;;;0.05;;0.05;;;;0.05;;0.156;;0.051;;;0.05;;0.05;;0.05;;;0.05;;0.05;;0.05;
8;19;4;27;08019004_27_M;2020;10;;;0.05;;;0.06;;0.05;;;0.05;;;0.05;;;0.229;;0.172;;0.086;;;0.055;;0.05;;0.132;;;0.195
8;19;4;27;08019004_27_M;2020;11;;0.084;;0.127;;;0.121;;0.179;;0.133;;;0.129;;0.051;;0.308;;;0.434;;0.386;;0.457;;;0.05;;0.171;
8;19;4;27;08019004_27_M;2020;12;;0.193;;;0.164;;0.135;;0.075;;;0.072;;0.614;;0.468;;;0.167;;0.112;;0.251;;;0.172;;0.056;;0.084;
8;19;42;27;08019042_27_M;2020;1;0.1;;;0.18;;0.174;;0.46;;;0.105;;0.112;;0.331;;;0.091;;0.05;;0.05;;;0.109;;0.094;;0.242;;
8;19;42;27;08019042_27_M;2020;2;0.308;;0.187;;0.116;;;0.099;;0.105;;0.05;;;0.05;;0.05;;0.05;;;0.068;;0.17;;0.05;;;0.06;;
8;19;42;27;08019042_27_M;2020;3;;0.05;;0.066;;;0.05;;0.06;;0.07;;;0.05;;;;;;0.05;;;;0.05;;;;0.05;;;
8;19;42;27;08019042_27_M;2020;4;0.05;;;;0.05;;;;0.05;;;;;;;;0.05;;;;;0.05;;;0.05;;0.05;;0.05;;
8;19;42;27;08019042_27_M;2020;5;;0.05;;0.05;;0.05;;;0.05;;0.05;;0.05;;;0.05;;0.05;;0.05;;;0.05;;0.05;;0.05;;;0.05;
8;19;42;27;08019042_27_M;2020;6;0.05;;;0.05;;;0.05;;0.05;;0.05;;;0.05;;0.05;;0.05;;;0.05;;;0.05;;;;0.05;;;
8;19;42;27;08019042_27_M;2020;7;0.05;;;0.05;;0.05;;0.05;;;0.05;;0.05;;0.05;;;0.05;;0.05;;0.05;;;0.05;;0.05;;0.05;;
8;19;42;27;08019042_27_M;2020;8;0.05;;;;0.05;;;0.05;;0.05;;0.05;;;0.05;;0.05;;0.05;;;0.05;;0.05;;0.05;;;0.05;;0.05
8;19;42;27;08019042_27_M;2020;9;;0.05;;;;0.05;;0.05;;;;;0.05;;0.05;;0.05;;;0.05;;0.05;;;;0.05;;0.05;;0.05;
8;19;42;27;08019042_27_M;2020;10;;;;0.05;;;;0.05;0.122;;;;0.05;;;;;0.097;;0.073;0.05;;;0.05;;0.05;;0.08;;;0.134
8;19;42;27;08019042_27_M;2020;11;;0.051;;0.091;;;0.072;;0.185;;0.058;;;0.056;;0.05;;0.134;;;0.191;;0.157;;0.263;;;0.05;;0.118;
8;19;42;27;08019042_27_M;2020;12;;0.1;;;0.133;;0.16;;0.05;;;0.05;;0.421;;0.275;;;0.094;;;0.197;;0.134;;;0.138;;0.05;;0.116
8;19;43;27;08019043_27_M;2020;1;0.426;;;0.265;;0.272;;0.839;;;0.159;;0.15;;0.548;;;0.101;;0.054;;0.068;;;0.214;;0.154;;0.422;;
8;19;43;27;08019043_27_M;2020;2;;;;;0.193;;;0.162;;0.183;;0.118;;;0.05;;0.07;;0.104;;;0.092;;0.208;;;;;0.443;;
8;19;43;27;08019043_27_M;2020;3;;0.061;;0.187;;;0.058;;0.096;;0.181;;;0.05;;;;;;0.05;;;;0.05;;;;0.05;;;
8;19;43;27;08019043_27_M;2020;4;0.05;;;;0.05;;;;0.05;;;;;;;;0.05;;;;;0.05;;;0.05;;0.05;;0.05;;
8;19;43;27;08019043_27_M;2020;5;;0.05;;0.05;;;;;0.05;;0.05;;0.05;;;0.05;;0.05;;0.05;;;0.05;;0.05;;0.05;;;0.05;
8;19;43;27;08019043_27_M;2020;6;0.05;;;0.05;;;0.05;;;0.05;;;0.05;;0.05;;0.05;;;0.05;;0.102;;0.05;;;0.05;;0.058;;
8;19;43;27;08019043_27_M;2020;7;0.053;;;0.05;;0.079;;0.051;0.05;;;0.05;;0.05;;;;0.05;;0.05;;0.05;;;;0.05;;;;;
8;19;43;27;08019043_27_M;2020;8;0.05;;;0.05;;;;0.05;;0.05;;0.05;;0.05;;0.05;;0.05;;;;0.05;;0.05;;0.05;;;0.05;;0.05
8;19;43;27;08019043_27_M;2020;9;;0.05;0.05;;;0.05;;0.054;;0.052;;;0.05;;0.05;;;;0.05;;0.068;;0.05;;;;0.05;;0.05;;
8;19;43;27;08019043_27_M;2020;10;;;0.05;;0.06;0.066;;0.119;;0.06;;0.05;;0.082;;;0.145;;0.314;;0.157;;;0.05;;0.06;;0.163;;;0.198
8;19;43;27;08019043_27_M;2020;11;;0.091;;0.195;;;0.241;;0.381;;0.098;;;0.089;;0.091;;0.26;;;0.227;;0.205;;0.253;;;0.058;;0.216;
8;19;43;27;08019043_27_M;2020;12;;0.187;;;0.167;;0.164;;0.12;;;0.125;;0.702;;0.334;;;0.183;;;0.244;;0.189;;;0.153;;0.068;;
8;19;45;27;08019045_27_M;2020;1;0.178;;;;;;;;;;0.142;;0.106;;0.269;;;0.077;;0.05;;0.05;;;0.108;;0.104;;0.189;;
8;19;45;27;08019045_27_M;2020;2;0.261;;0.134;;0.127;;;0.108;;0.138;;0.05;;;0.05;;0.05;;0.062;;;0.06;;0.124;;0.05;;;0.05;;
8;19;45;27;08019045_27_M;2020;3;;0.05;;0.095;;;0.05;;0.05;;0.077;;;;0.05;;0.05;;;;;;;;;;;;;;
8;19;45;27;08019045_27_M;2020;4;;;;;;;;;;;;;;;;;;;;;;;;;;;0.05;;;;
8;19;45;27;08019045_27_M;2020;5;;;0.05;;;;;;0.05;;;;0.05;;;0.05;;0.05;;0.05;;;0.05;;0.05;;0.05;;;0.05;
8;19;45;27;08019045_27_M;2020;6;0.05;;;0.05;;;0.05;;0.05;;0.05;;;0.05;;0.05;;0.05;;;0.05;;;0.05;;;;0.05;;;
8;19;45;27;08019045_27_M;2020;7;0.05;;;0.05;;0.05;;0.05;;;;;;;0.05;;;0.05;;0.05;;0.05;;;0.05;;0.05;;0.05;;
8;19;45;27;08019045_27_M;2020;8;0.05;;0.05;;0.05;;;0.05;;0.05;;0.05;;;0.05;;0.05;;0.05;;;0.05;;0.05;;0.05;;;0.05;;0.05
8;19;45;27;08019045_27_M;2020;9;;0.05;;;0.05;;0.05;0.05;;;;0.05;;0.05;;0.064;;;0.05;;0.05;;0.05;;;0.05;;0.05;;0.05;
8;19;45;27;08019045_27_M;2020;10;;;;0.05;;0.05;;0.05;;0.05;;0.05;;0.05;;;0.145;;0.083;;0.05;;;0.05;;0.05;;0.127;;;0.107
8;19;45;27;08019045_27_M;2020;11;;0.051;;0.129;;;0.05;;0.279;;0.064;;;;;;;;;;0.143;;0.109;;0.148;;;0.05;;0.078;
8;19;45;27;08019045_27_M;2020;12;;0.094;;0.11;0.092;;0.131;;0.05;;;0.05;;0.411;;0.181;;;0.084;;;0.224;;0.096;;;0.133;;0.05;;
7;40;3;27;07040003_27_M;2020;4;;;;;;;;;;;;;;;;;;;;;;;;;;;;;;;
7;40;3;27;07040003_27_M;2020;1;;;;;;;;;;;;;;;;;;;;;;;;;;;;;;;
7;40;3;27;07040003_27_M;2020;2;;;;;;;;;;;;;;;;;;;;;;;;;;;;;;;
7;40;3;27;07040003_27_M;2020;3;;;;;;;;;;;;;;;;;;;;;;;;;;;;;;;
7;40;3;27;07040003_27_M;2020;5;;;;;;;;;;;;;;;;;;;;;;;;;;;;;;;
7;40;3;27;07040003_27_M;2020;6;;;;;;;;;;;;;;;;;;;;;;;;;;;;;;;
7;40;3;27;07040003_27_M;2020;7;;;;;;;;;;;;;;;;;;;;;;;;;;;;;;;
7;40;3;27;07040003_27_M;2020;8;;;;;;;;;;;;;;;;;;;;;;;;;;;;;;;
7;40;3;27;07040003_27_M;2020;9;;;;;;;;;;;;;;0.042;0.042;0.042;0.042;0.042;0.042;0.042;0.042;0.042;0.042;0.042;0.042;0.042;0.042;;;;
7;40;3;27;07040003_27_M;2020;10;;;;;;;;;;;;;;;;;;;;;;;;;;;;;;;
7;40;3;27;07040003_27_M;2020;11;;;;;;;;;;;;;;;;;;;;;;;;;;;;;;;
7;40;3;27;07040003_27_M;2020;12;;;;;;;;;;;;;;;;;;;;;;;;;;;;;;;
7;3;1;27;07003001_27_M;2020;6;;;;;;;;;;;;;;;;;0.07;0.07;0.07;0.07;0.07;0.07;0.07;0.07;0.07;0.07;0.07;0.07;0.07;0.07;
7;3;1;27;07003001_27_M;2020;1;;;;;;;;;;;;;;;;;;;;;;;;;;;;;;;
7;3;1;27;07003001_27_M;2020;2;;;;;;;;;;;;;;;;;;;;;;;;;;;;;;;
7;3;1;27;07003001_27_M;2020;3;;;0.07;0.07;0.07;0.07;0.07;0.07;0.07;0.07;0.07;0.07;0.07;0.07;0.07;0.07;0.07;;;;;;;;;;;;;;
7;3;1;27;07003001_27_M;2020;4;;;;;;;;;;;;;;;;;;;;;;;;;;;;;;;
7;3;1;27;07003001_27_M;2020;5;;;;;;;;;;;;;;;;;;;;;;;;;;;;;;;
7;3;1;27;07003001_27_M;2020;7;0.07;;;;;;;;;;;;;;;;;;;;;;;;;;;;;;
7;3;1;27;07003001_27_M;2020;8;;;;;;;;;;;;;;;;;;;;;;;;;;;;;;;
7;3;1;27;07003001_27_M;2020;9;;;;;;;;;;;;;;;;;;;;;;;;;;;;;;;
7;3;1;27;07003001_27_M;2020;10;;;;;;;;;;;;;;;;;;;;;;;;;;;;;;;
7;3;1;27;07003001_27_M;2020;11;;;;;;;;;;;;;;;;;;;;;;;;;;;;;;;
7;3;1;27;07003001_27_M;2020;12;;;;;;;;;;;;;;;;;;;;;;;;;;;;;;;
3;65;6;27;03065006_27_M;2020;1;;;;;;;;;;;;;;;;;;;;;;;;;;;;;;;
3;65;6;27;03065006_27_M;2020;2;;;;;;;;;;;;;;;;;;;;;;;;;;;;;;;
3;65;6;27;03065006_27_M;2020;3;;;;;;;;;;;;;;;;;;;;;;;;;;;;;;;
3;65;6;27;03065006_27_M;2020;4;;;;;;;;;;;;;;;;;;;;;;;;;;;;;;0.04;
3;65;6;27;03065006_27_M;2020;5;;;;;;;;0.04;;;;;;;;;;;;;;;;;;;;;;;
3;65;6;27;03065006_27_M;2020;6;;;;;;;;;;;;;;;;;;;;;;;;;;;0.35;;;;
3;65;6;27;03065006_27_M;2020;7;;;;;0.04;;;;;;0.04;;;;0.04;;;;0.04;;;;;;;;0.04;;;;
3;65;6;27;03065006_27_M;2020;8;;;;0.04;;;;;;0.04;;0.04;;;;;;;;0.04;;;;0.04;;;;0.04;;;
3;65;6;27;03065006_27_M;2020;9;;;;;;;;;;;;;;;;;;;;;;;;;;;;;;;
3;65;6;27;03065006_27_M;2020;10;;;;;;;;;;;;;0.04;;;;;;;;;;;;;;;;;;
3;65;6;27;03065006_27_M;2020;11;;0.08;;;;;;0.04;;;;;;;;0.04;;;;0.12;;;;0.17;;;;;;;
3;65;6;27;03065006_27_M;2020;12;;0.12;;;;;;;;;;;;;;;;;;;;;;;;;;;;;
3;14;6;27;03014006_27_M;2020;1;;;;;;;;;;;;;;;;;;;;;;;;;;;;;;;
3;14;6;27;03014006_27_M;2020;2;;;;;;;;;;;;;;;;;;;;;;;;;;;;;;;
3;14;6;27;03014006_27_M;2020;3;;;;;;;;;;;;;;;;;;;;;;;;;;;;;;;
3;14;6;27;03014006_27_M;2020;4;;;;;;;;;;;;;;;;;;;;;;;;;;0.04;;;;0.04;
3;14;6;27;03014006_27_M;2020;5;;;;;;;;0.04;;;;;;;;;;;;;;;;;;;;;;;
3;14;6;27;03014006_27_M;2020;6;;;;;;;;;;;;;;;;;;;;;;;;;;;0.04;;0.04;;
3;14;6;27;03014006_27_M;2020;7;;;;;;;;;;;0.04;;;;0.04;;;;0.04;;;;;;;;0.04;;;;
3;14;6;27;03014006_27_M;2020;8;;;;;;;;;;0.04;;0.04;;;;;;;;0.04;;;;0.04;;;;;;;
3;14;6;27;03014006_27_M;2020;9;;;;;;;0.04;;;;;;;;;;;;;;;;;;;;;;;;
3;14;6;27;03014006_27_M;2020;10;;;;;;;;;;;;;0.04;;;;;;;;0.11;;;;;;;;0.04;;
3;14;6;27;03014006_27_M;2020;11;;0.04;;;;;;;;;;;;;;0.04;;;;0.04;;;;0.14;;;;;;;
3;14;6;27;03014006_27_M;2020;12;;;;;;;;;;;;;;;;;;;;;;;;;;;;;;;
15;32;1;27;15032001_27_M;2020;5;;;;;;;;;;;;;;;;;;;;;;;;;;;0.14;0.14;0.14;0.14;0.14
15;32;1;27;15032001_27_M;2020;6;0.14;0.14;0.14;0.14;0.14;0.14;0.14;0.14;0.14;0.14;;;0.6;0.14;0.14;0.14;0.14;0.14;0.14;0.14;0.14;0.14;0.14;0.14;0.14;0.14;0.14;;;;
15;32;1;27;15032001_27_M;2020;7;;;;;;;;;;;;;;;;;;;;;;;;;;;;;;;
15;32;1;27;15032001_27_M;2020;9;;;;;;;;;;;;;;;;;;;;;;;;;;;;;;;
15;32;1;27;15032001_27_M;2020;8;;;;;;;;;;;;;;;;;;;;;;;;;;;;;;;
15;32;1;27;15032001_27_M;2020;10;;;;;;;;;;;;;;;;;;;;;;;;;;;;;;;
15;32;1;27;15032001_27_M;2020;11;;;;;;;;;;;;;0.14;0.14;0.14;0.62;0.31;0.14;0.14;0.14;0.64;0.37;0.57;0.14;0.14;0.55;1.2;;0.14;0.14;
15;32;1;27;15032001_27_M;2020;12;0.14;0.14;0.14;0.14;0.14;0.14;0.14;0.14;0.14;0.14;0.14;0.14;0.14;;;;;;;;;;;;;;;;;;
19;46;1;27;19046001_27_M;2020;1;;;;;;;;;;;;;;;;;;;;;;;;;;;;;;0.07;
19;46;1;27;19046001_27_M;2020;2;;;;;;0.285;;;;;;;0.163;;;;;;0.087;;;;;;;;;;;;
19;46;1;27;19046001_27_M;2020;3;;;;;;;;;;;;;;;;;;;;;;;;;;;;;;;
19;46;1;27;19046001_27_M;2020;4;;;;;;;;;;;;;;;;;;;;;;;;;;;;;;;
19;46;1;27;19046001_27_M;2020;5;;;;;;;;;;;;;;;;;;;;;;;;;;;;;;;
19;46;1;27;19046001_27_M;2020;6;;;;;;;;;;;;;;;;;;;;;;;;;0.005;;;;;;
19;46;1;27;19046001_27_M;2020;7;;0.008;;;;;;;0.008;;;;;;;;;;;;;;;;;;;;;;
19;46;1;27;19046001_27_M;2020;8;;;;;;;;;;;;;;;;;;;;;;;;;;;;;;;
19;46;1;27;19046001_27_M;2020;9;;;;;;;;;;;;;;;;;0.011;;;;;;;0.006;;;;;;;
19;46;1;27;19046001_27_M;2020;10;0.046;;;;;;;;;;;;;;;;;;;;;;;;;;;;;;
19;46;1;27;19046001_27_M;2020;11;;;;;;;;;;;;;;;;;;;;;;;;;;;;;;;
19;46;1;27;19046001_27_M;2020;12;;;;;;;;;;;;0.007;;;;;;0.006;;;;;;0.007;;;;;;0.013;
15;24;5;27;15024005_27_M;2020;1;;;;;;;;;;;;;;;;;;;;;;;;;;;;;;;
15;24;5;27;15024005_27_M;2020;2;;;;;;;;;;;;;;;;;;;;;;;;;;;;;;;
15;24;5;27;15024005_27_M;2020;4;;;;;;;;;;;;;;;;;;;;;;;;;;;;0.005;0.005;0.005;
15;24;5;27;15024005_27_M;2020;7;;;;;;;;;;;;;;;;;;;;;;;;;;;0.01;0.01;0.01;0.01;
15;24;5;27;15024005_27_M;2020;8;;;;;;;;;;;;0.01;0.01;0.01;;;;0.01;0.01;0.01;0.01;;;0.01;0.01;0.01;;;;;
15;24;5;27;15024005_27_M;2020;11;;;;;;;;;;;;;;;;;0.058;0.058;0.058;0.058;;;0.058;0.058;0.058;0.058;0.058;0.058;0.058;0.058;
15;24;5;27;15024005_27_M;2020;3;;0.024;0.024;0.024;0.024;0.024;;;0.024;0.024;;0.024;0.024;;;0.024;0.024;0.024;;0.024;;;0.024;;;;;;;;
15;24;5;27;15024005_27_M;2020;5;;;;0.005;0.005;0.005;0.005;0.005;;;0.005;0.005;;;;;;0.005;0.005;0.005;0.005;;;;;;;;;;
15;24;5;27;15024005_27_M;2020;6;;;;;;;;;;;;;;;;;;;;;;;;;;;;;;;
15;24;5;27;15024005_27_M;2020;9;;;;;;;;;;;;;;;;;;;;;;;;;;;;;;;
15;24;5;27;15024005_27_M;2020;10;;;;;;;;;;;;;;;;;;;;;;;;;;;;;;;
15;24;5;27;15024005_27_M;2020;12;0.058;0.058;;;;;;;;;;;;;;;;;;;;;;;;;;;;;
15;30;27;27;15030027_27_M;2020;8;;;;;0.05;0.05;0.05;0.05;0.05;0.05;0.05;0.05;0.05;0.05;0.05;0.05;0.05;0.05;0.05;0.05;0.1;0.05;0.05;0.05;0.05;0.05;0.05;0.05;0.05;0.05;0.05
15;30;27;27;15030027_27_M;2020;9;0.05;;;0.22;0.05;0.05;0.05;0.05;0.05;0.05;0.05;0.05;0.05;0.05;0.05;0.05;0.05;0.05;0.05;0.05;0.05;0.05;0.05;0.05;0.05;0.05;0.05;0.05;0.12;0.14;
15;30;27;27;15030027_27_M;2020;11;0.05;0.15;0.05;0.05;0.05;0.28;0.05;0.05;0.46;0.24;0.12;0.14;0.14;0.05;0.05;0.21;0.26;0.05;0.05;0.05;0.49;0.58;0.44;0.05;0.31;0.23;;;;;
15;30;27;27;15030027_27_M;2020;1;0.27;0.45;0.17;0.41;0.42;0.47;0.42;0.16;0.05;0.29;0.45;0.25;0.14;0.05;0.15;0.18;0.23;0.05;0.05;0.05;0.05;0.05;1.0;0.55;0.42;0.17;0.05;0.45;0.13;0.12;0.05
15;30;27;27;15030027_27_M;2020;2;0.13;0.13;0.13;2.2;0.05;0.22;0.2;0.1;0.05;0.05;0.05;0.05;0.05;0.15;0.05;0.05;0.05;0.37;;;;;;;;;;0.16;0.05;;
15;30;27;27;15030027_27_M;2020;3;0.05;0.05;0.05;0.05;0.05;0.05;0.05;0.05;0.22;0.14;0.05;0.05;;0.05;0.1;0.05;0.05;0.05;0.14;0.05;0.05;0.05;0.05;0.05;0.13;0.05;0.05;;;;
15;30;27;27;15030027_27_M;2020;5;0.05;0.11;0.05;0.18;0.05;0.05;0.05;0.05;0.05;0.05;0.05;0.05;0.05;0.05;0.05;0.05;0.05;0.23;0.05;0.05;0.05;0.05;0.05;0.05;0.05;0.05;0.05;0.05;0.05;0.05;0.2
15;30;27;27;15030027_27_M;2020;6;0.05;0.05;0.05;0.05;0.05;0.05;0.05;0.05;0.05;0.05;0.05;0.05;0.05;0.05;0.05;0.05;0.05;0.05;0.05;0.05;0.05;0.05;0.05;0.05;0.05;0.05;0.05;0.05;0.05;0.05;
15;30;27;27;15030027_27_M;2020;4;;;;0.05;0.05;0.12;0.05;0.05;0.05;0.05;0.05;0.05;0.05;0.05;0.05;0.05;0.2;0.05;0.05;0.05;0.05;0.05;0.05;0.05;0.05;0.16;0.13;0.05;0.05;0.05;
15;30;27;27;15030027_27_M;2020;7;0.05;0.05;0.05;0.05;0.05;0.05;0.05;0.05;0.05;0.05;;;;;;;0.05;0.05;0.05;0.05;0.05;0.05;0.05;0.05;0.05;0.05;0.05;0.05;0.05;0.05;
15;30;27;27;15030027_27_M;2020;10;0.05;0.05;0.05;0.05;0.05;0.05;0.05;0.14;0.05;0.05;0.05;0.05;0.05;0.05;0.14;0.1;0.13;0.14;0.14;0.05;0.11;0.05;0.05;0.05;0.05;0.05;0.18;0.2;0.28;0.11;0.05
15;30;27;27;15030027_27_M;2020;12;;;;;;;;;;;;;;;;;;;;;;;;;;;;;;;
15;30;28;27;15030028_27_M;2020;6;;;0.05;0.05;0.05;;0.05;0.05;0.05;0.05;0.05;0.05;;0.05;0.05;0.05;0.05;0.05;0.05;;0.05;0.05;0.05;0.05;0.05;0.05;;0.05;0.05;0.05;
15;30;28;27;15030028_27_M;2020;9;;;;;;;;;;;;;;;;;;;;;;;;;;;;;;;
15;30;28;27;15030028_27_M;2020;12;;;;;;;;;;;;;;;;;;;;;;;;;;;;;;;
15;30;28;27;15030028_27_M;2020;1;;1.2;;;;;0.45;0.23;0.05;0.23;;0.59;0.13;0.05;0.18;;0.36;;0.05;0.05;0.05;0.05;0.66;0.44;;0.05;0.05;0.21;;0.05;0.05
15;30;28;27;15030028_27_M;2020;4;;;;;;;;;;;;;;;;;;;;;;;;;;;;;;;
15;30;28;27;15030028_27_M;2020;10;;;;;;;;;;;;;;;;;;;;;;;;;;;;;;;
15;30;28;27;15030028_27_M;2020;2;;0.05;;;;;;;;;;;;;;;;;;;;;;;;;;;;;
15;30;28;27;15030028_27_M;2020;3;;;;;;;;;;;;;;;;;;;;;;;;;;;;;;;
15;30;28;27;15030028_27_M;2020;5;;;;;;;;;;;;;;;;;;;;;;;;;;;;;;;
15;30;28;27;15030028_27_M;2020;8;;0.05;0.05;0.05;0.05;0.05;0.05;;0.05;0.05;;;;;;;;;;;;;;;;;;;;;
15;30;28;27;15030028_27_M;2020;7;0.05;0.05;0.05;;;0.05;;0.05;0.05;0.05;;0.05;0.05;0.05;0.05;0.05;0.05;;0.05;0.05;0.05;0.05;0.05;;0.05;;0.05;0.05;0.05;0.05;0.05
15;30;28;27;15030028_27_M;2020;11;;;;;;;;;;;;;;;;;;;;;;;;;;;;;;;
15;30;21;27;15030021_27_M;2020;2;0.48;;4.4;0.78;0.3;0.95;;0.53;;1.6;0.24;1.3;0.96;;0.14;;0.54;0.53;0.36;;;;;;;;;;0.21;;
15;30;21;27;15030021_27_M;2020;5;3.0;;;1.0;0.46;0.11;0.05;;0.13;;;;0.05;0.05;;0.05;;0.43;0.19;0.05;0.54;;0.05;;0.05;0.05;0.1;0.14;;0.35;
15;30;21;27;15030021_27_M;2020;1;;0.61;0.66;;;;0.3;0.43;0.2;;1.0;;0.18;0.36;0.9;2.3;;0.21;;0.05;0.05;;1.9;;0.41;;7.0;1.7;0.26;0.66;
15;30;21;27;15030021_27_M;2020;3;;0.84;0.23;1.2;0.05;;0.25;;0.91;0.33;0.46;0.05;;0.44;;0.05;;0.3;;0.05;;;;;0.05;0.05;;0.05;;0.05;0.05
15;30;21;27;15030021_27_M;2020;4;0.05;0.05;;0.11;;0.05;0.35;;0.05;;;;0.12;;0.11;0.11;;0.26;;0.05;0.05;0.05;0.16;;0.12;;5.8;2.2;5.9;;
15;30;21;27;15030021_27_M;2020;6;0.16;0.26;0.26;0.05;;0.05;;;;;;;;;;;;;;;;0.61;;;;0.44;;;0.05;1.6;
15;30;21;27;15030021_27_M;2020;12;;;;;;;;;;;;;;;;;;;;;;;;;;;;;;;
15;30;21;27;15030021_27_M;2020;7;0.05;0.25;;0.05;;0.05;0.05;0.05;0.05;;0.05;;0.05;0.05;0.05;0.05;;;;0.05;0.05;0.05;0.05;;0.05;;0.05;0.05;0.11;0.21;
15;30;21;27;15030021_27_M;2020;8;0.05;;0.1;0.05;0.05;0.05;;0.05;;;;;;;;;;;;;;;;;;;;;;;
15;30;21;27;15030021_27_M;2020;9;;;;;;;;;;;;;;;;;;;;;;;;;;;;;;;
15;30;21;27;15030021_27_M;2020;10;;;;;;;;;;;;;;;;;;;;;;;;;;;;;;;
15;30;21;27;15030021_27_M;2020;11;;;;;;;;;;;;;;;;;;;;;;;;;;;;;;;
11;31;1;27;11031001_27_M;2020;4;;;;;;;;;;;;;;;;;;;;;;;;0.091;;0.091;;0.091;;0.091;
11;31;1;27;11031001_27_M;2020;1;;;;0.091;;;;;;0.091;;;;;;0.091;;;;;;0.091;;;;;;;;;
11;31;1;27;11031001_27_M;2020;2;;;;;0.091;0.091;;;;;;0.091;;;;;;0.091;;;;;;0.091;;;;;;;
11;31;1;27;11031001_27_M;2020;3;;;;0.091;;;;;;0.091;;;;;;0.091;;;;;;;;;;;;0.091;;;
11;31;1;27;11031001_27_M;2020;5;;0.091;;;;;;;0.091;;0.091;;0.091;;0.091;;0.091;;;;;;;;;;;;;;
11;31;1;27;11031001_27_M;2020;6;;;;;0.091;;;;;;0.091;;;;;;0.091;;;;;;0.091;;;;;;0.091;;
11;31;1;27;11031001_27_M;2020;7;;;;;;0.091;;;;;;0.091;;;;;;0.091;;;;;;0.091;;;;;;0.091;
11;31;1;27;11031001_27_M;2020;8;;;;;;;0.091;;;;;;0.091;;;;;;0.091;;;;;;0.091;;;;;;0.091
11;31;1;27;11031001_27_M;2020;9;;;;;;0.091;;;;;;0.091;;;;;;0.091;;;;;;0.091;;;;;;0.091;
11;31;1;27;11031001_27_M;2020;10;;;;;;0.091;;;;;;0.091;;;;;;0.091;;;;;;0.091;;;;;;0.091;
11;31;1;27;11031001_27_M;2020;11;;;;;;;;;;;0.091;;;;;;0.091;;;;;;0.091;;;;;;0.091;;
11;31;1;27;11031001_27_M;2020;12;;;;;0.091;;;;;;0.091;;;;;;0.091;;;;;;0.091;;;;;;0.091;;
14;68;1;27;14068001_27_M;2020;4;;;;;;;;;;;;;;;0.091;;;;;;;;;0.091;;0.091;;0.091;;0.091;
14;68;1;27;14068001_27_M;2020;1;;;;0.091;;;;;;0.091;;;;;;0.091;;;;;;0.091;;;;;;0.091;;;
14;68;1;27;14068001_27_M;2020;2;;;;;;0.091;;;;;;0.091;;;;;;0.091;;;;;;0.091;;;;;;;
14;68;1;27;14068001_27_M;2020;3;;;;0.091;;;;;;0.091;;;;;;0.091;;;;;;0.091;;;;;;;;;
14;68;1;27;14068001_27_M;2020;5;;0.091;;;;;;0.091;;0.091;;0.091;;0.091;;0.091;;;;;;;;;;;;;;;
14;68;1;27;14068001_27_M;2020;6;;;;;0.091;;;;;;0.091;;;;;;0.091;;;;;;0.091;;;;;;0.091;;
14;68;1;27;14068001_27_M;2020;7;;;;;0.091;;;;;;0.091;;;;;;0.091;;;;;;0.091;;;;;;0.091;;
14;68;1;27;14068001_27_M;2020;8;;;;0.091;;;;;;0.091;;;;;;0.091;;;;;;;;;;;;0.091;;;
14;68;1;27;14068001_27_M;2020;9;;;;;;;;;;;;;;;;;;0.091;;;;;;0.091;;;;;;0.091;
14;68;1;27;14068001_27_M;2020;10;;;;;;0.091;;;;;;0.091;;;;;;0.091;;;;;;0.091;;;;;;0.091;
14;68;1;27;14068001_27_M;2020;11;;;;;0.091;;;;;;0.091;;;;;;0.091;;;;;;0.091;;;;;;0.091;;
14;68;1;27;14068001_27_M;2020;12;;;;;;;;;;;;0.091;;0.091;;;;;;;;;;;;;;;;;
8;19;28;27;08019028_27_M;2020;1;0.122;;;0.424;;0.198;;0.583;;;0.165;;0.152;;0.619;;;0.092;;0.099;;0.05;;;0.202;;0.148;;0.305;;
8;19;28;27;08019028_27_M;2020;2;0.361;;0.303;;0.238;;;0.145;;0.156;;0.112;;;0.05;;0.069;;0.092;;;0.089;;0.239;;;;;0.1;;
8;19;28;27;08019028_27_M;2020;3;;0.05;;0.123;;;0.05;;0.105;;0.178;;;;;0.05;;;;;;;;;;;;;;;
8;19;28;27;08019028_27_M;2020;4;;;;;;;;;;;;;;;;;;;;;;;;;;;;;;;
8;19;28;27;08019028_27_M;2020;5;;;;;;;;;0.05;;0.05;;0.05;;;0.05;;0.05;;0.05;;;0.05;;0.05;;0.05;;;0.05;
8;19;28;27;08019028_27_M;2020;6;0.05;;;0.05;;;0.05;;;0.05;;;0.05;;0.05;;0.05;;;0.05;;0.093;;0.05;;;0.05;;0.05;;
8;19;28;27;08019028_27_M;2020;7;0.05;;;0.05;;0.05;;0.05;0.05;;;0.05;;0.05;;;;0.05;;0.05;;0.05;0.05;;;0.05;;0.05;;;
8;19;28;27;08019028_27_M;2020;8;;;;0.05;;;;0.05;;0.05;;0.05;;0.05;;0.05;;0.05;;;;0.05;;0.05;;0.05;;;0.05;;0.05
8;19;28;27;08019028_27_M;2020;9;;0.05;;;;0.05;;0.054;;0.053;;;0.05;;0.05;;;;0.05;;0.05;;0.05;;;;0.05;;0.05;;
8;19;28;27;08019028_27_M;2020;10;;;0.05;;0.056;;0.05;;;0.05;;0.05;;;;;0.148;;0.182;;0.099;;;0.051;;0.052;;0.145;;0.159;
8;19;28;27;08019028_27_M;2020;11;0.091;;0.091;;;;0.067;;0.304;;0.106;;;0.074;;0.05;;0.234;;;;0.205;;0.139;;;0.071;;0.118;;
8;19;28;27;08019028_27_M;2020;12;0.169;;0.105;;;0.062;;0.081;;0.185;;;0.088;;0.382;;;;0.118;;;0.253;;0.146;;;0.161;;0.07;;0.138
8;19;44;27;08019044_27_M;2020;1;0.179;;;0.35;;0.204;;0.393;;;0.172;;0.176;;0.198;;;0.085;;0.05;;0.05;;;0.166;;0.121;;0.311;;
8;19;44;27;08019044_27_M;2020;2;0.218;;0.354;;0.341;;;0.113;;0.205;;0.062;;;0.051;;0.05;;0.094;;;0.053;;0.227;;0.05;;;0.091;;
8;19;44;27;08019044_27_M;2020;3;;0.05;;0.101;;;0.05;;0.061;;0.158;;;0.05;;;;;;0.05;;;;0.05;;;;0.05;;;
8;19;44;27;08019044_27_M;2020;4;0.05;;;;0.05;;;;0.05;;;;;;;;0.05;;;;;0.05;;;0.05;;0.05;;0.05;;
8;19;44;27;08019044_27_M;2020;5;;0.05;;0.05;;0.05;;;0.05;;0.05;;0.05;;;0.05;;0.05;;0.05;;;0.05;;0.05;;0.05;;;0.05;
8;19;44;27;08019044_27_M;2020;6;0.05;;;0.05;;;0.05;;;0.05;;;0.05;;0.05;;;;;0.05;;0.07;;0.05;;;0.05;;0.05;;
8;19;44;27;08019044_27_M;2020;7;0.05;;;0.05;;0.05;;0.05;;;;0.05;;0.05;;;;0.05;;;;0.05;0.05;;;0.05;;0.05;;0.05;
8;19;44;27;08019044_27_M;2020;8;;0.05;;0.05;;;;0.05;;0.05;;0.05;;0.05;;0.05;;0.05;;;;0.05;;0.05;;0.05;;;0.05;;0.05
8;19;44;27;08019044_27_M;2020;9;;0.05;0.05;;;0.05;;0.05;;0.056;;;0.05;;0.05;;;;0.05;;0.05;;0.05;;;;0.05;;0.05;;
8;19;44;27;08019044_27_M;2020;10;0.05;;;0.05;;0.065;;0.053;;0.05;;0.05;;0.05;;;0.104;;0.118;;0.091;;;0.05;;0.05;;0.14;;;0.175
8;19;44;27;08019044_27_M;2020;11;;0.065;;0.168;;;0.132;;0.297;;0.086;;;0.05;;0.051;;0.149;;;0.203;;0.12;;0.208;;;0.05;;0.121;
8;19;44;27;08019044_27_M;2020;12;;;;;;;;;;;;0.065;;0.541;;0.192;;;0.089;;;;;0.163;;;0.149;;0.057;;
8;19;54;27;08019054_27_M;2020;1;0.142;;;0.119;;0.174;;0.211;;;0.138;;0.096;;0.211;;;0.115;;0.05;;0.05;;;0.153;;0.08;;0.132;;
8;19;54;27;08019054_27_M;2020;2;0.159;;;;;;;;;0.121;;;;;0.076;;0.05;;0.05;;;0.069;;0.097;;0.05;;;0.05;;
8;19;54;27;08019054_27_M;2020;3;;0.05;;0.099;;;0.05;;0.052;;0.119;;;0.05;;;;;;0.05;;;;0.05;;;;0.069;;;
8;19;54;27;08019054_27_M;2020;4;0.05;;;;0.05;;;;0.05;;;;;;;;0.05;;;;;0.05;0.05;;0.05;;0.05;;0.05;;
8;19;54;27;08019054_27_M;2020;5;;0.05;;;;0.05;;;;;;;0.05;;;0.05;;;;0.05;;;0.05;;;;0.05;;;0.05;
8;19;54;27;08019054_27_M;2020;6;0.05;;;0.05;;;0.05;;0.05;;0.05;;;0.05;;;0.05;;;;0.05;;;0.05;;;;0.05;;;
8;19;54;27;08019054_27_M;2020;7;0.05;;;0.05;;0.05;;0.05;;;0.05;;0.05;;0.05;;;0.05;;0.05;;0.05;;;0.05;;0.05;;;;
8;19;54;27;08019054_27_M;2020;8;0.05;;0.05;;0.05;;;0.05;;0.05;;0.05;;;0.05;;0.05;;0.05;;;0.05;;0.05;;0.05;;;0.05;;0.05
8;19;54;27;08019054_27_M;2020;9;;0.05;;;;0.05;;;;;;0.05;;0.05;;0.05;;;0.05;;0.05;;0.05;;;0.05;;0.05;;0.05;
8;19;54;27;08019054_27_M;2020;10;;;;0.05;;0.05;;0.05;;0.05;;0.05;;0.05;;;0.093;;0.071;;0.068;;;0.05;;0.05;;0.105;;;0.085
8;19;54;27;08019054_27_M;2020;11;;0.058;;0.073;;;0.05;;0.156;;0.05;;;0.051;;0.05;;0.116;;;0.115;;0.069;;0.084;;;0.05;;0.05;
8;19;54;27;08019054_27_M;2020;12;;0.118;;;0.134;;0.147;;0.056;;;0.05;;0.516;;0.118;;;0.09;;;0.204;;0.158;;;0.131;;0.05;;
8;125;12;27;08125012_27_M;2020;1;;;;;;;;;1.39;;;;;1.59;1.26;;;;;;;;0.53;;;;0.14;;;;
8;125;12;27;08125012_27_M;2020;2;;;;0.14;;;;;;0.49;;;;;;;;;0.42;;;;;;0.19;;;;;;
8;125;12;27;08125012_27_M;2020;3;;;;;;;0.14;;;0.17;;;;;;;;;;;;;;;0.29;0.17;;;;;
8;125;12;27;08125012_27_M;2020;4;;0.14;;;;;;0.14;;;;;;;;0.14;;;;;;;0.14;0.14;;;;;;;
8;125;12;27;08125012_27_M;2020;5;;;0.14;;;;0.14;;;;;0.14;;;;;0.14;0.15;;;;;;0.14;;;0.14;;;;
8;125;12;27;08125012_27_M;2020;6;;;;0.15;;;;;;0.14;;;;;;0.14;;;;;;;;;;;;0.14;;;
8;125;12;27;08125012_27_M;2020;7;;;;;;;;;;;;0.14;0.14;;;;;;;;;;0.16;;;;;;0.14;;
8;125;12;27;08125012_27_M;2020;8;;;0.14;;;;;;;;;;;;;0.14;;;;0.14;;;;;;;0.14;;;;0.14
8;125;12;27;08125012_27_M;2020;9;;;;;;;;;;;;;;;;0.14;;;0.14;;;0.14;;;;;;;;;
8;125;12;27;08125012_27_M;2020;10;;;;;0.14;;;;;;;;;;0.18;;;;;;;;;;0.14;;;;;;
8;125;12;27;08125012_27_M;2020;11;0.15;;;;;;;0.18;;;;0.63;;;;;;;;;;1.39;;;0.7;;;;;;
8;125;12;27;08125012_27_M;2020;12;0.22;;;;;0.14;;;;;;;;1.67;;;;;;;;;;;;;0.57;0.14;;;
8;112;3;27;08112003_27_M;2020;1;;;3.2;;1.81;;8.34;;;;0.39;;;;3.9;;3.76;;0.83;;;;0.33;;1.53;;0.28;;0.97;;0.7
8;112;3;27;08112003_27_M;2020;2;;0.31;;0.63;;;;0.97;;0.67;;0.18;;0.7;;0.18;;;;1.39;;1.25;;2.92;;;;0.63;;;
8;112;3;27;08112003_27_M;2020;3;0.14;;0.7;;;;0.19;;;;0.47;;;;;;;;;;;;;;0.14;;0.39;;;;
8;112;3;27;08112003_27_M;2020;4;;;;;;;;;0.14;;;;;;;;0.14;;0.14;;0.14;;0.14;;0.14;;0.14;;0.14;;
8;112;3;27;08112003_27_M;2020;5;0.14;;0.14;;;;0.14;;0.14;;;;;;;;;;;;;0.14;;0.14;;;;;;;
8;112;3;27;08112003_27_M;2020;6;;;0.14;;0.14;;0.14;;0.14;;0.14;;0.14;;;;0.14;;0.14;;0.14;;0.15;;;;;;;;
8;112;3;27;08112003_27_M;2020;7;;;0.14;;0.14;;0.14;;0.14;;0.14;;0.14;;0.14;;0.14;;0.14;;0.14;;0.14;;0.14;;0.14;;0.14;;0.14
8;112;3;27;08112003_27_M;2020;8;;;;;;;0.14;;0.14;;;;0.14;;0.14;;;;0.14;;0.14;;0.14;;0.14;;0.14;;;;
8;112;3;27;08112003_27_M;2020;9;;0.14;;;0.14;;0.14;;;;0.14;;;;0.14;;0.14;;;;;;0.14;;0.14;;;;;;
8;112;3;27;08112003_27_M;2020;10;0.14;;0.33;;;;;;;0.14;;;;;;0.28;;0.43;;;;0.5;;0.26;;;;0.7;;0.5;
8;112;3;27;08112003_27_M;2020;11;1.67;;;;0.38;;0.14;;;;;;;;;;;;;;;;3.76;;;;0.56;;;;
8;112;3;27;08112003_27_M;2020;12;;;1.25;;0.15;;;;3.2;;1.67;;5.77;;;;;;;;;1.11;;2.64;;;;;;;
22;158;2;27;22158002_27_M;2020;3;;0.363;;;;;;;;;;0.363;;;0.363;;;;0.363;;;;;;;;0.363;;;;
22;158;2;27;22158002_27_M;2020;4;;;0.363;;;;;;;;;;;;;;;;;;;;;;;0.363;;;;;
22;158;2;27;22158002_27_M;2020;5;;;;;0.363;0.363;;;;;;;0.363;;;;0.363;;;;0.363;;;;;;;;0.363;;
22;158;2;27;22158002_27_M;2020;6;;;;;;0.363;;;;;;;;0.363;;;;;0.363;;;;0.363;0.363;;;;;;;
22;158;2;27;22158002_27_M;2020;7;;0.363;;;;;;;;0.363;;;;;;;;0.363;;;;0.363;;;;0.363;;;;;
22;158;2;27;22158002_27_M;2020;8;;;;0.363;0.363;;;;;;;;;;;;;;;0.363;;;;;;;;0.363;;;
22;158;2;27;22158002_27_M;2020;9;;;;;0.363;;;0.363;;;;;0.363;;;;0.363;;;;;0.363;0.63;;;;;;;0.363;
22;158;2;27;22158002_27_M;2020;10;;;;;;;;0.363;0.363;;;;;;;0.363;;;;0.363;;;;0.363;;;;;;;
22;158;2;27;22158002_27_M;2020;11;0.363;;;;;;;;;0.363;0.363;;;;;;;0.363;;;;;;;;0.363;;;;;
22;158;2;27;22158002_27_M;2020;12;;;;0.363;;;;;;;;0.363;;;;0.363;;;;0.363;;;;;;;;0.363;;;
22;158;2;27;22158002_27_M;2020;2;;;;;;;;;;;;;;;0.363;;;;;;;;0.363;;;;0.363;;;;
36;57;19;27;36057019_27_M;2020;1;;;;;;;;;;;;;;;;;;;;;;0.29;1.7;1.4;1.1;0.22;0.05;0.14;0.05;0.05;0.05
36;57;19;27;36057019_27_M;2020;2;0.05;0.05;0.16;0.27;;;;;;;;0.22;0.05;0.38;0.11;0.05;0.05;0.22;0.71;0.43;1.1;0.81;0.59;0.21;0.05;;;;;;
36;57;19;27;36057019_27_M;2020;3;;;0.05;0.05;0.05;0.05;0.25;0.16;0.22;0.29;0.05;0.05;0.05;;;;;0.32;0.25;0.05;0.14;0.16;0.05;0.15;0.22;0.05;;;;;
36;57;19;27;36057019_27_M;2020;4;;;;0.1;0.05;0.05;0.05;0.05;;;;;;;;;;0.12;0.05;0.13;0.05;0.05;0.68;0.44;0.05;0.05;0.05;0.05;0.05;0.05;
36;57;19;27;36057019_27_M;2020;5;0.05;;;;;;;;;;;;;;;;;;;;;;;;;;;;;;
36;57;19;27;36057019_27_M;2020;6;;;;;0.05;0.05;0.05;0.05;0.05;0.05;0.05;0.05;0.05;0.05;0.32;0.05;0.05;0.21;;;;;0.05;0.05;0.05;0.05;0.05;0.05;0.05;0.05;
36;57;19;27;36057019_27_M;2020;7;0.05;0.05;0.05;0.05;0.05;0.05;;;;;;;;;;;0.05;0.05;0.05;0.05;0.05;;;;;;;;;;
36;57;19;27;36057019_27_M;2020;8;;;;0.05;0.12;0.05;0.05;0.05;0.05;0.05;0.05;0.05;;;;;;;;;;;;;;;;;;;
36;57;19;27;36057019_27_M;2020;9;;;0.21;0.05;0.14;0.05;0.05;;;;;;;;0.05;0.19;0.1;0.05;0.05;0.05;0.05;;0.05;;;;;;;;
36;57;19;27;36057019_27_M;2020;10;0.05;0.05;0.17;0.21;0.11;0.05;0.05;0.05;0.05;;;;;;;;0.22;0.33;;0.19;0.12;0.05;0.11;0.05;0.05;0.17;0.11;0.29;0.67;0.33;0.05
36;57;19;27;36057019_27_M;2020;12;;;;;;;;;;;;;;;;;;;;;;;;;;;;;;;
36;57;19;27;36057019_27_M;2020;11;;;;;;;;;;;;;;;;;;;;;;;;;;;;;;;
31;201;15;27;31201015_27_M;2020;9;;;;;;;;;;;;;;;;;;;;;;;;;;;0.09;;;;
31;201;15;27;31201015_27_M;2020;10;;;0.09;;;;;;0.09;;;;;;0.09;;;;;;0.09;;;;;;0.09;;;;
31;201;15;27;31201015_27_M;2020;11;;0.09;;;;;;0.09;;;;;;0.09;;;;;;0.18;;;;;;0.18;;;;;
31;201;15;27;31201015_27_M;2020;12;;0.09;;;;;;0.09;;;;;;0.36;;;;;;0.36;;;;;;0.09;;;;;0.09
31;201;13;27;31201013_27_M;2020;4;;0.09;;;;;;0.09;;;;;;0.09;;;;;;0.09;;;;;;0.09;;;;;
31;201;13;27;31201013_27_M;2020;1;0.09;;;;;;;;;;;;0.09;;;;;;;;;;;;;;;;;;
31;201;13;27;31201013_27_M;2020;2;;;;0.09;;;;;;;;;;0.18;;;;;;0.09;;;;;;0.09;;;;;
31;201;13;27;31201013_27_M;2020;3;0.09;;0.09;;;;;;0.09;;;;;;0.09;;;;;;0.09;;;;;;0.09;;;;
31;201;13;27;31201013_27_M;2020;8;;;;;;0.09;;;;;;0.09;;;;;;0.09;;;;;;0.09;;;;;;0.09;
31;201;13;27;31201013_27_M;2020;5;;0.09;;;;;;0.09;;;;;;0.09;;;;;;0.09;;;;;;0.09;;;;;
31;201;13;27;31201013_27_M;2020;6;0.09;;;;;;0.09;;;;;;0.09;;;;;;0.09;;;;;;0.09;;;;;;
31;201;13;27;31201013_27_M;2020;7;0.09;;;;;;0.09;;;;;;0.09;;;;;;0.09;;;;;;0.09;;;;;;0.09
31;201;13;27;31201013_27_M;2020;9;;0.09;;;;;;0.09;;;;;;;;;;;;;;;;;;;;;;;
33;4;20;27;33004020_27_M;2020;1;;;;0.8;0.8;0.8;;0.8;0.8;0.8;0.8;;;;;;0.5;0.5;0.5;0.5;;0.5;0.5;0.5;;;;0.3;;;
33;4;20;27;33004020_27_M;2020;2;0.3;0.3;0.3;0.3;0.3;0.3;0.3;0.3;;;;;;;0.3;0.3;0.3;0.3;;;;;;;;;;;0.1;;
33;4;20;27;33004020_27_M;2020;3;0.1;;0.1;0.1;0.1;;;;;;;0.1;0.1;0.1;;;0.1;0.1;0.1;;;;;;;;0.1;0.1;0.1;;
33;4;20;27;33004020_27_M;2020;4;;;0.1;0.1;0.1;;;;0.2;0.2;0.2;;;0.1;0.1;0.1;;;;;;;;;0.1;0.1;0.1;;;;
33;4;20;27;33004020_27_M;2020;5;0.1;0.1;0.1;;0.1;0.1;0.1;;;;;;;;;;;;0.1;0.1;0.1;;;;;;;;;0.1;0.1
33;4;20;27;33004020_27_M;2020;6;0.1;;;;;0.1;0.1;0.1;;;;;;;;0.1;0.1;0.1;;;;;0.1;0.1;0.1;;0.1;0.1;0.1;;
33;4;20;27;33004020_27_M;2020;7;;;;;;;;;;0.1;0.1;0.1;;0.1;0.1;0.1;;;;;0.1;0.1;0.1;;0.1;0.1;0.1;;;;
33;4;20;27;33004020_27_M;2020;8;;;;0.1;0.1;0.1;;;;;;0.1;0.1;0.1;;;;0.1;0.1;0.1;;0.1;0.1;0.1;;;;;;;
33;4;20;27;33004020_27_M;2020;9;;;;0.1;0.1;0.1;;0.1;0.1;0.1;;;;;;;;0.1;0.1;0.1;;;;;;0.1;0.1;0.1;;;
33;4;20;27;33004020_27_M;2020;10;;;;;;;;;0.1;0.1;0.1;;0.1;0.1;0.1;;;;;;;;0.1;0.1;0.1;;0.2;0.2;0.2;;
33;4;20;27;33004020_27_M;2020;11;;;;;;0.2;0.2;0.2;;;;0.3;0.3;0.3;;;0.2;0.2;0.2;;0.5;0.5;0.5;;;;;;;;
33;4;20;27;33004020_27_M;2020;12;;;;;;0.2;0.2;0.2;;;;;;;;;;;;;;;;;;;;;;;
39;20;1;27;39020001_27_M;2020;4;;;;;;;;;;;;;;;;;;;;;;;;;;;;;;;
39;20;1;27;39020001_27_M;2020;1;;;;;;;;;;;;;;;;;;;;;;;;;;;;;;;
39;20;1;27;39020001_27_M;2020;2;;;;;;;;;;;;;;;;;;;;;;;;;;;;;;;
39;20;1;27;39020001_27_M;2020;3;;;;;;;;;;;;;;;;;;;;;;;;;;;;;;;
39;20;1;27;39020001_27_M;2020;5;;;;;;;;;;;;;;;;;;;;;;;;;;;;;;;
39;20;1;27;39020001_27_M;2020;6;;;;;;;;;;;;;;;;;;;;;;;;;;;;;;;
39;20;1;27;39020001_27_M;2020;7;;;;;;;;;;;;;;;;;;;;;;;;;;;;;;;
39;20;1;27;39020001_27_M;2020;8;;;;;;;;;;;;;;;;;;;;;;;;;;;;;;;
39;20;1;27;39020001_27_M;2020;9;;;;;;;;;;;;;;;;;;;;;;;;;0.02;0.02;0.02;0.02;0.02;0.02;
39;20;1;27;39020001_27_M;2020;10;0.02;0.02;0.02;0.02;0.02;0.02;;;;;;;;;;;;;;0.02;0.02;0.02;0.02;0.02;0.02;0.02;0.02;0.02;0.02;0.04;0.04
39;20;1;27;39020001_27_M;2020;11;0.02;0.02;;;;;;;;;;;;;;;;;;;;;;;;;0.05;0.05;0.04;0.07;
39;20;1;27;39020001_27_M;2020;12;0.04;0.02;0.05;0.02;0.02;0.02;0.02;0.02;0.02;0.02;;;0.02;0.02;0.02;0.02;0.02;0.02;0.02;0.02;0.02;0.02;0.02;0.02;0.02;0.02;;;;;
39;59;1;27;39059001_27_M;2020;1;;;;;;;;;;;;;;;;;;;;;;;;;;;;;;;
39;59;1;27;39059001_27_M;2020;2;;;;;;;;;;;;;;;;;;;;;;;;;;;;;;;
39;59;1;27;39059001_27_M;2020;3;;;;;;;;;;;;;;;;;;;;;;;;;;;;;;;
39;59;1;27;39059001_27_M;2020;4;;;;;;;;;;;;;;;;;;;;;;;;;;;;;;;
39;59;1;27;39059001_27_M;2020;5;;;;;;;;;;;;;;;;;;;;;;;;;;;;;;;
39;59;1;27;39059001_27_M;2020;6;;;;;;;;;;;;;;;;;;;;;;;;;;;;;;;
39;59;1;27;39059001_27_M;2020;7;;;;;;;;;;;;;;;;;;;;;;;;;;;;;;;
39;59;1;27;39059001_27_M;2020;8;;;;;;;;;;;;;;;;;;;;;;;;;;;;;;;
39;59;1;27;39059001_27_M;2020;9;;;;;;;;;;;;;;;;;;;;;;;;;;0.02;0.02;0.02;0.09;0.05;
39;59;1;27;39059001_27_M;2020;10;0.02;0.07;0.04;0.07;0.07;0.13;0.02;;;;;;;;;;;;;0.02;0.02;0.02;0.04;0.02;0.02;0.29;0.04;0.14;0.14;0.09;0.2
39;59;1;27;39059001_27_M;2020;11;0.02;0.05;;;;;;;;;;;;;;;;;;;;;;;;0.2;0.56;0.2;0.98;1.14;
39;59;1;27;39059001_27_M;2020;12;0.27;0.09;0.14;0.25;0.6;1.2;0.25;0.07;0.45;;;;0.09;0.07;0.05;0.09;0.25;0.05;0.78;0.25;0.05;0.04;0.05;0.18;0.18;0.76;;;;;
38;37;1;27;38037001_27_M;2020;10;;;;;;;;;;;;;;;;;;;;;;;;;;;;;;;
38;37;1;27;38037001_27_M;2020;11;;;;;;;;;;;;;;;;;;;;;;;;;0.37;0.37;0.37;0.37;0.37;0.37;
38;37;1;27;38037001_27_M;2020;12;0.37;0.37;0.37;0.37;0.37;0.37;0.37;0.37;0.37;;;;;;;;0.36;0.36;0.36;0.36;0.36;0.36;0.36;0.36;;;;;0.36;0.36;0.36
11;8;1;27;11008001_27_M;2020;1;;;;0.091;;;;;;0.091;;;;;;0.091;;;;;;0.091;;;;;;0.091;;;
11;8;1;27;11008001_27_M;2020;2;;;;;;0.091;;;;;;0.091;;;;;;0.091;;;;;;0.091;;;;;;;
11;8;1;27;11008001_27_M;2020;3;;;;0.091;;;;;;0.091;;;;;;0.091;;;;;;0.091;;;;;;0.091;;;
11;8;1;27;11008001_27_M;2020;4;;;;;;;;;;;;;;;;;;;;;;;;0.091;;0.091;;0.091;;0.091;
11;8;1;27;11008001_27_M;2020;5;;0.091;;0.091;;0.091;;0.091;;0.091;;0.091;;;;;;;;;;;;;;;;;;;
11;8;1;27;11008001_27_M;2020;6;;;;;0.091;;;;;;0.091;;;;;;0.091;;;;;;0.091;;;;;;0.091;;
11;8;1;27;11008001_27_M;2020;7;;;;;0.091;;;;;;0.091;;;;;;0.091;;;;;;0.091;;;;;;0.091;;
11;8;1;27;11008001_27_M;2020;8;;;;0.091;;;;;;0.091;;;;;;0.091;;;;;;0.091;;;;;;0.091;;;
11;8;1;27;11008001_27_M;2020;9;;;;;;0.091;;;;;;0.091;;;;;;0.091;;;;;;0.091;;;;;;0.091;
11;8;1;27;11008001_27_M;2020;10;;;;;;0.091;;;;;;0.091;;;;;;0.091;;;;;;0.091;;;;;;0.091;
11;8;1;27;11008001_27_M;2020;11;;;;;0.091;;;;;;0.091;;;;;;0.091;;;;;;0.091;;;;;;0.091;;
11;8;1;27;11008001_27_M;2020;12;;;;;0.091;;;;;;0.091;;;;;;0.091;;;;;;0.091;;;;;;0.091;;
