Provincia_ID,Provincia,Año,As,BaP,Cd,Ni,PM10,PM25,Pb
1,Álava,2012,0.3552,0.1368,0.202,2.3649,10.6331,12.0044,0.016
1,Álava,2013,0.2968,0.1169,0.2,2.2728,8.6599,10.3196,0.0116
1,Álava,2014,0.2861,0.0712,0.2174,2.1991,9.1116,10.5768,0.0119
1,Álava,2015,0.3708,0.1018,0.226,2.2882,14.5551,11.9113,0.014
1,Álava,2016,0.3047,0.107,0.2041,2.1727,12.5081,9.9329,0.0135
1,Álava,2017,0.3552,0.1591,0.22,2.9395,14.1855,7.8364,0.0129
1,Álava,2018,0.3618,0.0835,0.204,2.3335,13.5452,7.5846,0.0123
1,Álava,2019,0.3449,0.0747,0.2051,2.2446,12.446,7.5846,0.0138
1,Álava,2020,0.3183,0.0777,0.2109,2.1519,11.3468,7.5846,0.012
1,Álava,2021,0.3303,0.0614,0.2345,2.2516,11.5903,7.5846,0.015
2,Albacete,2012,0.4654,0.1264,0.1242,2.6689,19.2809,12.0044,0.0046
2,Albacete,2013,0.7,0.14,0.8535,2.8306,16.4569,10.3196,0.0045
2,Albacete,2014,0.495,0.0958,0.5705,1.9759,18.1328,10.5768,0.0032
2,Albacete,2015,0.29,0.0516,0.2876,1.1213,20.093,11.9113,0.002
2,Albacete,2016,0.085,0.0074,0.0046,0.2666,17.1089,9.9329,0.0007
2,Albacete,2017,1.805,0.0544,0.347,1.414,27.1062,11.1733,0.004
2,Albacete,2018,0.3485,0.0488,0.3485,0.3937,24.5067,10.2078,0.0006
2,Albacete,2019,0.5513,0.0759,0.0431,0.8717,24.5067,10.2078,0.0017
2,Albacete,2020,0.4175,0.0194,0.0304,0.4378,24.5067,10.2078,0.0006
2,Albacete,2021,0.3981,0.0184,0.0368,0.4847,24.5067,10.2078,0.0013
3,Alicante,2012,0.2681,0.0902,0.0821,3.1832,21.9283,13.4266,0.0019
3,Alicante,2013,0.1855,0.0601,0.0636,2.3022,18.4981,12.5175,0.001
3,Alicante,2014,0.3165,0.0565,0.0607,3.5916,20.181,11.4374,0.0015
3,Alicante,2015,0.214,0.0691,0.0626,2.6108,20.5398,12.7795,0.0019
3,Alicante,2016,0.1963,0.0497,0.0191,2.4969,18.7659,10.9758,0.0101
3,Alicante,2017,0.3035,0.07,0.0156,2.4685,17.8658,9.5615,0.0101
3,Alicante,2018,0.2237,0.0635,0.0559,2.7315,16.2365,9.3225,0.01
3,Alicante,2019,0.3643,0.0839,0.0665,2.592,19.2146,11.7245,0.0119
3,Alicante,2020,0.7493,0.0628,0.0578,1.9924,17.9861,14.7463,0.01
3,Alicante,2021,0.2227,0.0836,0.0525,1.812,17.7357,11.4218,0.0099
4,Almería,2012,0.5523,0.1264,0.0843,4.8142,25.3795,12.9886,0.0045
4,Almería,2013,0.4211,0.0317,0.0801,5.0544,24.1902,11.3938,0.0049
4,Almería,2014,0.4462,0.053,0.066,4.5535,22.5959,11.461,0.0046
4,Almería,2015,0.5242,0.0725,0.1256,4.9267,22.333,11.3795,0.0039
4,Almería,2016,0.4061,0.0509,0.13,3.9667,22.6522,10.0296,0.0032
4,Almería,2017,0.4577,0.0458,0.0842,5.5469,22.8007,10.3202,0.0044
4,Almería,2018,0.2607,0.0693,0.0846,2.5126,22.4925,12.076,0.0018
4,Almería,2019,0.5208,0.0926,0.0681,5.7238,21.1915,10.4288,0.0039
4,Almería,2020,0.419,0.1059,0.0588,2.9133,19.5334,6.9119,0.0034
4,Almería,2021,0.376,0.1438,0.1327,2.6895,23.1446,7.1662,0.004
5,Ávila,2012,0.4654,0.1264,0.1242,2.6689,19.2809,12.0044,0.0046
5,Ávila,2013,0.373,0.0973,0.131,2.2899,16.4569,10.3196,0.0039
5,Ávila,2014,0.4214,0.0835,0.1288,2.4495,18.1328,10.5768,0.0034
5,Ávila,2015,0.0421,0.0959,0.2005,0.6395,12.8774,11.9113,0.0014
5,Ávila,2016,0.0793,0.107,0.1832,0.841,16.0699,9.9329,0.0013
5,Ávila,2017,0.1164,0.1135,0.1658,1.0426,15.0266,10.099,0.0013
5,Ávila,2018,0.1536,0.1022,0.1485,1.2441,14.232,10.0119,0.0012
5,Ávila,2019,0.1908,0.0927,0.1312,1.4456,13.9774,10.1008,0.0011
5,Ávila,2020,0.2279,0.1045,0.1138,1.6472,13.7229,9.2795,0.0011
5,Ávila,2021,0.2651,0.1261,0.0965,1.8487,13.4683,8.9434,0.001
6,Badajoz,2012,0.3676,0.0325,0.0606,4.7741,14.9272,7.8289,0.0023
6,Badajoz,2013,0.3231,0.0971,0.1444,1.5328,13.4768,7.7015,0.0024
6,Badajoz,2014,0.1131,0.0451,0.2007,1.0155,13.5569,7.7509,0.0019
6,Badajoz,2015,0.0726,0.0167,0.0701,0.5298,15.1527,8.5684,0.0019
6,Badajoz,2016,0.3548,0.0302,0.0596,0.5333,17.1893,6.5789,0.0018
6,Badajoz,2017,0.4003,0.0136,0.0505,0.8329,17.4481,8.0775,0.0015
6,Badajoz,2018,0.3903,0.0229,0.0546,1.1487,13.9765,7.0009,0.0016
6,Badajoz,2019,0.4173,0.0367,0.0508,0.7398,13.6571,6.1887,0.0022
6,Badajoz,2020,0.4149,0.0259,0.0446,0.8567,13.2317,7.5868,0.0014
6,Badajoz,2021,0.3921,0.0226,0.0509,2.2997,14.1901,8.345,0.0016
7,Islas Baleares,2012,1.1795,0.0154,0.1801,3.8986,19.2809,10.1899,0.0029
7,Islas Baleares,2013,0.6363,0.0599,0.0901,1.7568,17.3629,8.6332,0.0012
7,Islas Baleares,2014,0.7009,0.0316,0.1136,3.6785,18.8132,9.7614,0.0023
7,Islas Baleares,2015,0.6643,0.0268,0.1114,2.3283,17.8831,11.3474,0.0034
7,Islas Baleares,2016,0.6479,0.0417,0.0766,1.8518,15.9234,8.7205,0.0015
7,Islas Baleares,2017,1.0169,0.0911,0.1248,2.4416,17.9736,8.1272,0.0034
7,Islas Baleares,2018,0.9633,0.0609,0.562,3.9292,17.51,7.6258,0.1469
7,Islas Baleares,2019,0.9412,0.044,0.6281,3.1337,17.1519,8.7335,0.0021
7,Islas Baleares,2020,0.4802,0.0812,0.1529,1.836,16.7727,7.1057,0.0029
7,Islas Baleares,2021,0.4285,0.1045,0.0819,1.5514,16.7957,7.533,0.0033
8,Barcelona,2012,1.3641,0.2245,0.3362,3.9854,26.5121,15.9203,0.0121
8,Barcelona,2013,0.997,0.2774,0.362,3.8493,22.2544,13.5736,0.0138
8,Barcelona,2014,0.9665,0.2042,0.3384,3.7687,23.1492,13.2404,0.0125
8,Barcelona,2015,0.9519,0.2571,0.3456,3.995,26.4228,16.2419,0.0118
8,Barcelona,2016,0.9657,0.1727,0.3145,3.7848,23.1355,13.8905,0.0115
8,Barcelona,2017,0.9399,0.2104,0.3058,3.9683,24.4775,14.5692,0.0105
8,Barcelona,2018,0.9242,0.1734,0.299,3.7695,22.9716,13.847,0.0096
8,Barcelona,2019,0.9778,0.1818,0.2933,3.7755,24.5531,14.3393,0.01
8,Barcelona,2020,0.9134,0.2137,0.9021,2.6608,21.6109,12.0192,0.0095
8,Barcelona,2021,0.8518,0.2315,0.3532,2.7053,22.3085,11.821,0.0102
9,Burgos,2012,0.4654,0.1264,0.1242,2.6689,19.2809,9.7809,0.0046
9,Burgos,2013,0.03,0.0973,0.039,1.3817,16.4569,8.8666,0.0009
9,Burgos,2014,0.03,0.0835,0.0289,1.3246,18.1328,7.1026,0.0023
9,Burgos,2015,0.0572,0.0959,0.0455,1.2887,20.093,8.9435,0.0023
9,Burgos,2016,0.0845,0.107,0.062,1.2528,17.1089,8.4462,0.0022
9,Burgos,2017,0.0658,0.1135,0.0941,0.6525,17.6001,6.1147,0.0022
9,Burgos,2018,0.0944,0.1022,0.0877,1.183,16.3694,5.769,0.0018
9,Burgos,2019,0.1524,0.0927,0.118,1.0974,14.2186,7.1378,0.002
9,Burgos,2020,0.2105,0.1045,0.1484,1.0119,12.0677,5.8536,0.0022
9,Burgos,2021,0.1325,0.1261,0.0773,2.4686,9.9169,6.9511,0.0028
10,Cáceres,2012,0.2121,0.039,0.0505,4.8414,12.7091,12.0044,0.0023
10,Cáceres,2013,0.2218,0.0211,0.1085,1.7845,10.7754,8.9177,0.0019
10,Cáceres,2014,0.2004,0.0216,0.4177,0.6993,11.7784,8.4156,0.0008
10,Cáceres,2015,0.4323,0.0127,0.1065,0.7067,13.5596,7.9134,0.0015
10,Cáceres,2016,0.2347,0.011,0.0404,0.4963,14.806,9.3691,0.0015
10,Cáceres,2017,0.3043,0.0092,0.1673,0.7989,15.7361,6.9562,0.0014
10,Cáceres,2018,0.2358,0.006,0.0303,0.555,13.478,9.7866,0.0012
10,Cáceres,2019,0.2239,0.0328,0.0242,0.537,11.1573,6.8984,0.001
10,Cáceres,2020,0.2583,0.0269,0.0281,0.842,10.8217,6.9168,0.0013
10,Cáceres,2021,0.1517,0.0053,0.0243,2.0757,10.9348,7.3837,0.001
11,Cádiz,2012,0.9225,0.1264,0.1749,14.0723,26.0824,16.0152,0.0069
11,Cádiz,2013,0.4949,0.0179,0.3752,10.0149,24.5592,12.8098,0.0057
11,Cádiz,2014,0.4376,0.0419,0.1957,12.1078,22.5251,12.4739,0.0063
11,Cádiz,2015,0.4818,0.0487,0.1418,10.3231,24.4084,14.4039,0.0064
11,Cádiz,2016,0.361,0.0297,0.0951,7.9739,22.1678,12.0434,0.0044
11,Cádiz,2017,0.4339,0.038,0.1312,7.2652,26.2078,14.2673,0.0044
11,Cádiz,2018,0.3142,0.0843,0.1299,4.7578,23.6066,15.3793,0.0033
11,Cádiz,2019,0.548,0.0925,0.2678,7.2567,21.2792,10.3835,0.0052
11,Cádiz,2020,0.3506,0.091,0.2119,5.294,17.9474,6.3953,0.0047
11,Cádiz,2021,0.2771,0.124,0.1729,7.8544,20.7652,7.1771,0.005
12,Castellón,2012,0.6681,0.0854,0.2805,2.2073,19.1205,13.7981,0.012
12,Castellón,2013,0.7898,0.087,0.1261,1.8105,15.6428,13.393,0.0291
12,Castellón,2014,0.5789,0.0802,0.1008,1.7134,17.8711,11.797,0.0086
12,Castellón,2015,0.556,0.09,0.0828,1.3815,20.5805,17.0709,0.0204
12,Castellón,2016,0.5855,0.0558,0.0783,1.3247,17.1089,11.1392,0.0183
12,Castellón,2017,0.5323,0.0845,0.0941,1.4851,15.3363,9.5197,0.012
12,Castellón,2018,0.5319,0.0772,0.0897,1.334,14.1244,9.0291,0.0111
12,Castellón,2019,0.4094,0.0413,0.1297,1.2229,16.9569,11.9065,0.0102
12,Castellón,2020,0.4712,0.0656,0.1531,0.7119,17.5293,14.1429,0.011
12,Castellón,2021,0.5241,0.0556,0.1263,0.7998,17.0775,13.6892,0.0105
13,Ciudad Real,2012,0.6776,0.3992,0.0824,3.607,19.2809,12.0044,0.0047
13,Ciudad Real,2013,1.3347,0.14,0.7,3.8389,16.4569,10.3196,0.0028
13,Ciudad Real,2014,0.4609,0.1785,0.1281,2.4405,18.1328,10.5768,0.0019
13,Ciudad Real,2015,0.259,0.1904,0.0668,1.1548,20.093,11.9113,0.0012
13,Ciudad Real,2016,0.113,0.1937,0.0119,0.2413,17.1089,9.9329,0.0006
13,Ciudad Real,2017,1.1262,0.2502,0.3505,1.4429,24.9172,13.9825,0.0023
13,Ciudad Real,2018,0.3482,0.5167,0.3482,0.3482,26.4305,15.4444,0.0017
13,Ciudad Real,2019,0.4321,0.049,0.0433,1.6126,26.4305,15.4444,0.0032
13,Ciudad Real,2020,0.417,0.0643,0.0343,0.4522,26.4305,15.4444,0.0021
13,Ciudad Real,2021,0.5935,0.0944,0.061,1.2541,26.4305,15.4444,0.0031
14,Córdoba,2012,0.6451,0.1264,1.1759,2.1564,24.9661,10.9992,0.0233
14,Córdoba,2013,0.4868,0.037,1.3132,3.0035,19.2452,8.2377,0.0201
14,Córdoba,2014,0.4952,0.0596,0.9062,1.8348,21.5423,10.7111,0.022
14,Córdoba,2015,0.6454,0.075,1.6211,2.5413,23.9107,9.6882,0.0315
14,Córdoba,2016,0.5041,0.0658,1.0086,1.5188,23.9182,14.3343,0.0262
14,Córdoba,2017,0.7269,0.0684,1.6705,1.7721,26.0848,15.6374,0.0539
14,Córdoba,2018,0.471,0.0828,1.1151,0.9183,20.9064,10.6461,0.0178
14,Córdoba,2019,0.6322,0.096,0.9982,1.7426,21.8305,9.5699,0.0266
14,Córdoba,2020,0.5209,0.1284,1.074,2.9698,20.8901,7.8579,0.0306
14,Córdoba,2021,0.4968,0.1152,1.3878,2.0158,21.7353,9.3106,0.0322
15,A Coruña,2012,0.4654,0.1264,0.1242,2.6689,7.9886,20.0925,0.0046
15,A Coruña,2013,0.373,0.4706,0.131,2.2899,6.5665,14.9728,0.0039
15,A Coruña,2014,0.3002,0.2934,0.1845,3.1974,5.9516,12.5665,0.0026
15,A Coruña,2015,1.0262,0.1413,0.8198,5.6184,6.4019,16.9136,0.108
15,A Coruña,2016,0.9023,0.4514,0.6878,5.4511,7.8038,16.0109,0.108
15,A Coruña,2017,1.0966,0.4475,0.784,5.949,18.8503,12.9913,0.0324
15,A Coruña,2018,1.8112,0.8702,1.4,8.3,16.6807,11.7377,0.06
15,A Coruña,2019,1.6075,0.3349,1.2692,7.6219,6.547,15.6653,0.0518
15,A Coruña,2020,1.19,0.1846,0.9195,5.7035,6.7067,13.9422,0.0392
15,A Coruña,2021,0.688,0.1261,0.547,3.1012,8.8575,13.1169,0.0375
16,Cuenca,2012,0.4654,0.1264,0.1242,2.6689,19.2809,12.0044,0.0046
16,Cuenca,2013,0.373,0.0973,0.131,2.2899,16.4569,10.3196,0.0039
16,Cuenca,2014,0.4214,0.0835,0.1288,2.4495,18.1328,10.5768,0.0034
16,Cuenca,2015,0.4262,0.0959,0.1279,2.3283,20.093,11.9113,0.0042
16,Cuenca,2016,0.3548,0.107,0.0951,1.8518,17.1089,9.9329,0.004
16,Cuenca,2017,0.4529,0.1135,0.13,2.1162,28.6933,10.099,0.004
16,Cuenca,2018,0.3482,0.1022,0.1128,1.8498,27.496,10.0119,0.0026
16,Cuenca,2019,0.4173,0.0927,0.1184,2.0242,27.496,10.1008,0.0042
16,Cuenca,2020,0.416,0.1045,0.1219,2.011,27.496,9.2795,0.0034
16,Cuenca,2021,0.3667,0.1261,0.1327,2.0412,27.496,8.9434,0.0036
17,Girona,2012,0.5862,0.3516,0.1691,2.6451,23.3875,10.4802,0.0094
17,Girona,2013,0.6832,0.2595,0.1608,2.3929,19.9685,10.1249,0.0076
17,Girona,2014,0.635,0.295,0.1652,2.5136,19.9314,9.8665,0.0082
17,Girona,2015,0.5946,0.3615,0.2043,2.5955,24.4904,12.0635,0.0088
17,Girona,2016,0.6161,0.3135,0.2284,2.4478,20.7356,9.7403,0.0057
17,Girona,2017,0.5809,0.3984,0.1573,2.4609,21.3752,10.1441,0.0049
17,Girona,2018,0.5936,0.3768,0.1857,2.5179,21.4017,10.3618,0.0043
17,Girona,2019,0.6018,0.3437,0.183,2.5499,21.2849,9.7588,0.0042
17,Girona,2020,0.5896,0.3475,0.1543,2.4123,18.802,9.4365,0.004
17,Girona,2021,0.6037,0.316,0.1781,2.4139,19.4824,9.4658,0.0036
18,Granada,2012,0.4263,0.0845,0.1063,6.2608,36.6532,16.8535,0.0041
18,Granada,2013,0.3619,0.093,0.131,6.0222,23.9126,13.6286,0.0034
18,Granada,2014,0.4053,0.2184,0.095,5.6386,22.5237,12.9238,0.0045
18,Granada,2015,0.4262,0.2818,0.0949,7.613,28.5369,17.0063,0.0044
18,Granada,2016,0.2822,0.2413,0.0379,3.5705,27.9377,13.5932,0.0021
18,Granada,2017,0.4529,0.3245,0.0552,3.6076,30.8379,17.3889,0.0036
18,Granada,2018,0.2111,0.1753,0.0379,2.6071,26.5073,16.2634,0.0016
18,Granada,2019,0.2646,0.1246,0.0507,4.3024,24.4141,15.1829,0.0023
18,Granada,2020,0.288,0.2225,0.0459,2.0374,22.9917,11.2694,0.003
18,Granada,2021,0.3667,0.2107,0.1277,2.173,23.2462,11.0886,0.0036
19,Guadalajara,2012,0.4654,0.1264,0.1242,2.6689,9.5887,4.7083,0.0046
19,Guadalajara,2013,0.373,0.0973,0.131,2.2899,6.168,4.6048,0.0039
19,Guadalajara,2014,0.2506,0.0835,0.5025,0.5549,8.3723,4.5806,0.0032
19,Guadalajara,2015,0.2178,0.0959,0.3407,1.1078,9.0901,4.7487,0.0026
19,Guadalajara,2016,0.1851,0.107,0.179,1.6606,9.7715,3.9825,0.0021
19,Guadalajara,2017,0.1523,0.1135,0.0172,2.8275,20.0578,3.711,0.004
19,Guadalajara,2018,0.1116,0.1022,0.0161,0.3969,18.7991,4.4167,0.0007
19,Guadalajara,2019,0.1022,0.0927,0.0161,0.2354,7.8306,4.2164,0.0008
19,Guadalajara,2020,0.2449,0.0438,0.0337,0.4794,8.3798,4.2302,0.0018
19,Guadalajara,2021,0.3049,0.0223,0.0506,0.7751,10.0565,4.8145,0.0028
20,Gipuzkoa,2012,0.4654,0.1264,0.1242,2.6689,15.8938,12.0044,0.0046
20,Gipuzkoa,2013,0.2466,0.0975,0.203,2.1344,12.6761,10.4476,0.0107
20,Gipuzkoa,2014,0.2322,0.0676,0.2033,2.0233,11.7177,7.4906,0.0103
20,Gipuzkoa,2015,0.2835,0.08,0.2096,2.0751,12.2782,8.5484,0.0104
20,Gipuzkoa,2016,0.2671,0.091,0.2094,2.1196,11.6962,8.4746,0.0103
20,Gipuzkoa,2017,0.2507,0.118,0.2091,2.164,16.4772,8.4009,0.0101
20,Gipuzkoa,2018,0.2566,0.1236,0.2085,2.1416,15.8,8.9434,0.01
20,Gipuzkoa,2019,0.2648,0.0788,0.2156,2.0242,14.1178,8.9434,0.0102
20,Gipuzkoa,2020,0.2538,0.0764,0.2317,2.0296,12.4355,8.9434,0.0104
20,Gipuzkoa,2021,0.2387,0.0716,0.2239,2.0403,12.5108,8.9434,0.0103
21,Huelva,2012,3.3463,0.1264,0.4467,2.6026,26.486,19.3283,0.0109
21,Huelva,2013,2.4273,0.0217,0.4189,2.488,23.4634,15.6055,0.0072
21,Huelva,2014,2.1113,0.0443,0.1751,2.6089,21.6106,11.5359,0.0059
21,Huelva,2015,2.0621,0.0425,0.1899,2.5783,24.5467,18.0228,0.006
21,Huelva,2016,1.9932,0.0303,0.2653,2.1413,24.5104,14.6935,0.0054
21,Huelva,2017,3.1524,0.0368,0.2776,1.8706,24.8557,17.3092,0.0086
21,Huelva,2018,2.1735,0.0536,0.1914,0.6716,23.5988,16.5558,0.0056
21,Huelva,2019,2.4559,0.091,0.3391,2.0484,23.1367,16.0274,0.0079
21,Huelva,2020,2.7693,0.1059,0.3107,1.8,22.0835,14.6712,0.0095
21,Huelva,2021,3.1983,0.1358,0.497,2.3401,23.3778,11.4682,0.0151
22,Huesca,2012,0.4654,0.1264,0.1242,2.6689,18.5602,8.9954,0.0046
22,Huesca,2013,0.373,0.0973,0.131,2.2899,12.8226,10.8581,0.0039
22,Huesca,2014,0.4214,0.0835,0.1288,2.4495,16.8306,11.3162,0.0034
22,Huesca,2015,0.4262,0.0959,0.1279,2.3283,20.4171,11.7742,0.0042
22,Huesca,2016,0.3548,0.107,0.0951,1.8518,16.9803,9.372,0.004
22,Huesca,2017,0.4529,0.1135,0.13,2.1162,18.5645,10.031,0.004
22,Huesca,2018,0.3482,0.1022,0.1128,1.8498,15.427,10.0119,0.0026
22,Huesca,2019,0.4173,0.0927,0.1184,2.0242,17.3777,11.0565,0.0042
22,Huesca,2020,0.5277,0.3661,0.2669,1.8878,16.277,9.9489,0.0041
22,Huesca,2021,0.5277,0.3661,0.2669,1.8878,18.0963,11.0383,0.0041
23,Jaén,2012,0.4337,0.1264,0.0924,3.1815,31.7135,15.3858,0.0099
23,Jaén,2013,0.3464,0.2025,0.1035,3.6982,27.776,15.2379,0.0136
23,Jaén,2014,0.3788,0.2464,0.0797,2.8526,27.1366,17.6075,0.0113
23,Jaén,2015,0.4811,0.2992,0.0994,4.1476,33.3024,20.5881,0.0104
23,Jaén,2016,0.4147,0.3669,0.1701,6.1548,30.6716,18.4449,0.0145
23,Jaén,2017,0.5073,0.3246,0.1528,6.4682,34.9875,22.463,0.0257
23,Jaén,2018,0.244,0.1855,0.0636,1.8498,28.3732,20.86,0.009
23,Jaén,2019,0.4474,0.4589,0.1245,6.4014,25.9246,17.1482,0.015
23,Jaén,2020,0.4464,0.4201,0.0812,6.9975,26.3935,15.8684,0.0141
23,Jaén,2021,0.3167,0.7821,0.2916,3.531,28.2737,14.8095,0.0095
24,León,2012,0.252,0.1264,0.061,1.5174,19.2392,12.0044,0.0031
24,León,2013,5.7452,0.0973,0.0629,1.1012,17.2347,10.828,0.0017
24,León,2014,3.8856,0.0835,0.0591,1.2248,15.2303,10.4974,0.0022
24,León,2015,2.026,0.0959,0.0554,1.3483,13.2258,10.1668,0.0026
24,León,2016,0.5218,0.107,0.0658,2.9314,25.164,9.8363,0.0034
24,León,2017,0.1919,0.1135,0.0613,1.0295,17.7416,9.5057,0.0014
24,León,2018,0.2113,0.1022,0.0757,1.2624,15.106,8.24,0.0016
24,León,2019,0.2306,0.0927,0.0901,1.4952,15.3505,9.8763,0.0018
24,León,2020,0.25,0.1045,0.1046,1.7281,15.5951,9.2795,0.002
24,León,2021,0.2694,0.1261,0.119,1.961,15.8396,8.7628,0.0022
25,Lleida,2012,0.5632,0.5552,0.1321,2.5188,22.9759,14.3356,0.0036
25,Lleida,2013,0.567,0.465,0.1345,2.2899,17.1944,11.6,0.003
25,Lleida,2014,0.7808,0.3667,0.123,2.4585,18.1328,10.5808,0.0029
25,Lleida,2015,0.5943,0.4685,0.1279,2.4169,22.2235,12.673,0.0029
25,Lleida,2016,0.588,0.2862,0.1293,2.4979,17.1031,10.3321,0.0029
25,Lleida,2017,0.4552,0.3619,0.097,1.9391,18.0197,10.8115,0.0021
25,Lleida,2018,0.443,0.2629,0.0956,1.8322,16.3295,10.7615,0.002
25,Lleida,2019,0.4299,0.2854,0.0987,1.7939,16.7788,10.4361,0.0022
25,Lleida,2020,0.6106,0.3084,0.1617,2.2533,16.7974,10.1739,0.0021
25,Lleida,2021,0.4601,0.3038,0.0999,1.7367,17.9537,9.7188,0.0018
26,La Rioja,2012,0.4654,0.1264,0.1242,2.6689,19.2809,10.423,0.0046
26,La Rioja,2013,0.373,0.0973,0.131,2.2899,16.4569,8.9828,0.0039
26,La Rioja,2014,0.4214,0.0835,0.1288,2.4495,18.1328,13.7763,0.0034
26,La Rioja,2015,0.4262,0.0959,0.1279,2.3283,20.093,12.0484,0.0042
26,La Rioja,2016,0.3548,0.107,0.0951,1.8518,17.1089,11.9843,0.004
26,La Rioja,2017,0.4529,0.1135,0.13,2.1162,17.3987,8.1077,0.004
26,La Rioja,2018,0.3482,0.1022,0.1128,1.8498,17.879,8.7898,0.0026
26,La Rioja,2019,0.4173,0.0927,0.1184,2.0242,17.879,13.0206,0.0042
26,La Rioja,2020,0.416,0.1045,0.1219,2.011,17.879,6.9695,0.0034
26,La Rioja,2021,0.3667,0.1261,0.1327,2.0412,17.879,5.5776,0.0036
27,Lugo,2012,0.4654,0.1264,0.1242,2.6689,10.7016,7.5726,0.0046
27,Lugo,2013,0.373,0.0973,0.131,2.2899,9.6035,6.5363,0.0039
27,Lugo,2014,0.5008,0.3233,0.167,5.2479,9.6694,7.2581,0.005
27,Lugo,2015,0.9339,0.1304,0.578,6.2653,10.078,8.3952,0.0233
27,Lugo,2016,1.3669,0.2036,0.989,7.2826,8.9919,7.9624,0.0417
27,Lugo,2017,1.8,0.2769,1.4,8.3,12.042,10.3161,0.06
27,Lugo,2018,1.8,0.2894,1.4,8.3,9.9156,10.2573,0.06
27,Lugo,2019,1.8,0.0992,1.4,8.3,9.2177,6.1452,0.06
27,Lugo,2020,1.8,0.1482,1.4,8.3,9.5352,6.0029,0.08
27,Lugo,2021,1.8,0.1972,1.4,8.3,10.1586,7.8185,0.1
28,Madrid,2012,1.1083,0.1188,0.1802,3.3918,19.2809,13.1063,0.0039
28,Madrid,2013,1.073,0.1397,0.1526,3.1872,16.4569,10.5336,0.0041
28,Madrid,2014,0.6434,0.0942,0.2005,2.811,18.1328,11.0987,0.0046
28,Madrid,2015,0.5797,0.1031,0.3089,2.3428,20.093,12.3599,0.0063
28,Madrid,2016,0.4614,0.1068,0.2061,2.7401,17.1089,10.5078,0.0475
28,Madrid,2017,0.483,0.1011,0.0681,2.1751,20.6531,10.9846,0.0031
28,Madrid,2018,0.4092,0.1347,0.1101,2.0066,17.5118,10.3515,0.0025
28,Madrid,2019,0.3108,0.0841,0.06,1.0003,17.5118,9.8823,0.0013
28,Madrid,2020,0.2655,0.0706,0.0633,1.1651,17.5118,10.5212,0.0015
28,Madrid,2021,0.2222,0.0876,0.0521,1.1038,17.5118,10.3115,0.0008
29,Málaga,2012,0.3851,0.1264,0.0896,3.1443,24.2584,10.271,0.0036
29,Málaga,2013,0.373,0.0209,0.1069,4.2575,23.3613,12.6873,0.0033
29,Málaga,2014,0.4765,0.0475,0.0681,4.1031,24.1398,11.7818,0.0033
29,Málaga,2015,0.3712,0.0375,0.0684,4.8474,24.7129,14.2558,0.004
29,Málaga,2016,0.382,0.0539,0.0779,4.2128,22.9788,11.9249,0.0038
29,Málaga,2017,0.4407,0.063,0.0898,5.3004,24.6223,12.8887,0.0051
29,Málaga,2018,0.2436,0.092,0.069,2.1015,24.4066,14.1109,0.0022
29,Málaga,2019,0.3554,0.0964,0.0682,5.3042,21.2984,11.5835,0.0031
29,Málaga,2020,0.3197,0.1208,0.0625,3.1448,19.5692,8.3172,0.0033
29,Málaga,2021,0.2998,0.1518,0.1936,2.7009,20.6697,6.2995,0.004
30,Murcia,2012,0.2315,0.1264,0.1319,2.1947,19.2809,14.6374,0.0065
30,Murcia,2013,0.1628,0.0973,0.1492,1.5724,16.4569,9.5336,0.0039
30,Murcia,2014,0.1551,0.0835,0.1389,1.5144,18.1328,10.5727,0.0024
30,Murcia,2015,0.1747,0.0959,0.138,1.4968,23.5031,12.4867,0.0024
30,Murcia,2016,0.2213,0.0396,0.1292,1.5239,27.4534,14.1009,0.0027
30,Murcia,2017,0.1808,0.032,0.13,1.4632,23.3311,12.4249,0.002
30,Murcia,2018,0.1421,0.025,0.13,1.4572,20.2864,10.7501,0.0015
30,Murcia,2019,0.1485,0.0338,0.13,1.5808,20.2864,12.0746,0.016
30,Murcia,2020,0.1318,0.03,0.13,1.5317,20.2864,12.8992,0.0024
30,Murcia,2021,0.13,0.03,0.13,1.0484,20.2864,10.8695,0.0018
31,Navarra,2012,0.4654,0.1264,0.1242,2.6689,19.2809,12.023,0.0046
31,Navarra,2013,0.373,0.0973,0.131,2.2899,16.4569,8.4966,0.0039
31,Navarra,2014,0.273,0.2207,0.1952,1.0484,18.1328,10.5293,0.0034
31,Navarra,2015,0.2554,0.1188,0.0705,1.577,20.093,11.6142,0.0042
31,Navarra,2016,0.2052,0.1103,0.0678,1.3058,17.1089,7.4914,0.004
31,Navarra,2017,0.155,0.1018,0.0652,1.0347,14.6514,8.4651,0.0018
31,Navarra,2018,0.188,0.1022,0.089,1.7984,14.1973,11.5013,0.0018
31,Navarra,2019,0.1383,0.1027,0.1134,1.1678,14.1973,10.1008,0.0032
31,Navarra,2020,0.2362,0.1031,0.0639,1.3349,14.1973,11.8495,0.0017
31,Navarra,2021,0.208,0.14,0.0947,0.8586,14.1973,11.6331,0.0024
32,Ourense,2012,0.4654,0.1264,0.1242,2.6689,19.2809,12.0044,0.0046
32,Ourense,2013,0.373,0.0973,0.131,2.2899,16.4569,10.3196,0.0039
32,Ourense,2014,0.4214,0.0835,0.1288,2.4495,18.1328,10.5768,0.0034
32,Ourense,2015,0.4262,0.0959,0.1279,2.3283,20.093,11.9113,0.0042
32,Ourense,2016,1.7,0.5562,1.4,8.3,17.1089,9.9329,0.108
32,Ourense,2017,1.8,0.7394,1.4516,8.3,16.5492,9.738,0.06
32,Ourense,2018,1.8,0.4441,1.4,8.3,16.2542,7.2608,0.06
32,Ourense,2019,2.0062,0.3683,1.4204,8.3,16.2542,7.2608,0.06
32,Ourense,2020,2.0062,0.3683,1.4204,8.3,16.2542,7.2608,0.06
32,Ourense,2021,2.0062,0.3683,1.4204,8.3,16.2542,7.2608,0.06
33,Asturias,2012,0.1432,0.0469,0.0644,1.0045,16.1868,9.7144,0.0175
33,Asturias,2013,0.1608,0.0407,0.0759,1.1326,15.5228,9.357,0.0204
33,Asturias,2014,0.4824,0.2675,0.2696,3.2152,16.7218,9.2388,0.0125
33,Asturias,2015,0.3907,0.2946,0.2795,2.4557,16.4167,10.0048,0.0064
33,Asturias,2016,0.4057,0.3514,0.2788,1.5488,14.9073,8.1626,0.0051
33,Asturias,2017,0.521,0.9629,0.3524,2.0347,24.0119,11.5509,0.0074
33,Asturias,2018,0.5049,0.7648,0.3231,6.8137,21.7353,10.3067,0.0067
33,Asturias,2019,0.4772,0.7954,0.36,3.2293,14.4081,6.9787,0.0084
33,Asturias,2020,0.4442,0.2717,0.3213,3.0161,16.0645,6.46,0.005
33,Asturias,2021,0.5327,0.3281,0.367,2.0412,14.8522,6.3253,0.0061
34,Palencia,2012,0.4654,0.1264,0.1242,2.6689,13.5484,12.0044,0.0046
34,Palencia,2013,0.0461,0.0973,0.0404,1.1686,14.1071,10.3196,0.0019
34,Palencia,2014,0.1398,0.0835,0.0446,1.3096,14.6659,10.5768,0.002
34,Palencia,2015,0.2334,0.0959,0.0488,1.4506,15.2246,11.9113,0.0021
34,Palencia,2016,0.3271,0.107,0.053,1.5916,15.7834,9.9329,0.0022
34,Palencia,2017,0.4208,0.1135,0.0572,1.7326,16.3421,5.4331,0.0023
34,Palencia,2018,0.5144,0.1022,0.0615,1.8737,12.3315,4.6228,0.0024
34,Palencia,2019,0.6081,0.0927,0.0657,2.0147,12.2901,4.6228,0.0025
34,Palencia,2020,0.7017,0.1045,0.0699,2.1557,12.2488,4.6228,0.0026
34,Palencia,2021,0.7954,0.1261,0.0741,2.2967,12.2074,4.6228,0.0027
35,Las Palmas,2012,0.4654,0.1264,0.1242,2.6689,19.2809,12.0044,0.0046
35,Las Palmas,2013,0.373,0.0973,0.131,2.2899,16.4569,10.3196,0.0039
35,Las Palmas,2014,0.4214,0.0835,0.1288,2.4495,18.1328,10.5768,0.0034
35,Las Palmas,2015,0.4262,0.0959,0.1279,2.3283,20.093,11.9113,0.0042
35,Las Palmas,2016,0.3548,0.107,0.0951,1.8518,17.1089,9.9329,0.004
35,Las Palmas,2017,0.4529,0.1135,0.13,2.1162,30.4743,8.7936,0.004
35,Las Palmas,2018,0.3482,0.1022,0.1128,1.8498,25.2846,7.6056,0.0026
35,Las Palmas,2019,0.4173,0.0927,0.1184,2.0242,25.2846,7.6056,0.0042
35,Las Palmas,2020,0.416,0.1045,0.1219,2.011,25.2846,7.6056,0.0034
35,Las Palmas,2021,0.2111,0.364,0.1825,3.9071,25.2846,7.6056,0.0014
36,Pontevedra,2012,0.4654,0.1264,0.1242,2.6689,19.2809,12.0044,0.0046
36,Pontevedra,2013,0.373,0.0973,0.131,2.2899,16.4569,10.3196,0.0039
36,Pontevedra,2014,0.3954,0.0779,0.1035,3.2344,18.1328,10.5768,0.0053
36,Pontevedra,2015,1.0477,0.0641,1.0578,5.7672,20.093,11.9113,0.0566
36,Pontevedra,2016,1.7,0.1321,2.0121,8.3,17.1089,9.9329,0.108
36,Pontevedra,2017,1.75,0.2006,1.706,8.3,21.7971,12.7901,0.084
36,Pontevedra,2018,1.8,0.269,1.4,8.3,18.2592,11.6151,0.06
36,Pontevedra,2019,1.8,0.2066,1.4,8.3,18.2592,11.6151,0.06
36,Pontevedra,2020,1.8,0.1281,1.4,8.3,18.2592,11.6151,0.06
36,Pontevedra,2021,1.8,0.1335,1.4,8.3,18.2592,11.6151,0.104
37,Salamanca,2012,0.4654,0.1264,0.1242,2.6689,19.2809,12.0044,0.0046
37,Salamanca,2013,0.373,0.0973,0.131,2.2899,16.4569,10.3196,0.0039
37,Salamanca,2014,0.3487,0.0835,0.0242,1.0676,18.1328,10.5768,0.0022
37,Salamanca,2015,0.9971,0.0959,0.0469,0.9243,15.3613,11.9113,0.11
37,Salamanca,2016,0.8868,0.107,0.0596,0.9262,8.0323,9.9329,0.0884
37,Salamanca,2017,0.7766,0.1135,0.0723,0.928,19.0328,10.099,0.0668
37,Salamanca,2018,0.6663,0.1022,0.085,0.9299,18.2917,10.0119,0.0453
37,Salamanca,2019,0.5561,0.0927,0.0977,0.9317,18.2917,10.1008,0.0237
37,Salamanca,2020,0.4458,0.1045,0.1104,0.9336,18.2917,9.2795,0.0021
37,Salamanca,2021,0.4458,0.1261,0.1104,0.9336,18.2917,8.9434,0.0021
38,Santa Cruz de Tenerife,2012,0.4654,0.1264,0.1242,2.6689,19.2809,12.0044,0.0046
38,Santa Cruz de Tenerife,2013,0.373,0.0973,0.131,2.2899,16.4569,10.3196,0.0039
38,Santa Cruz de Tenerife,2014,1.25,0.0327,0.1295,2.8444,18.1328,10.5768,0.003
38,Santa Cruz de Tenerife,2015,0.2577,0.0876,0.148,3.7793,20.093,11.9113,0.0022
38,Santa Cruz de Tenerife,2016,0.2074,0.0885,0.1481,3.122,17.1089,9.9329,0.0019
38,Santa Cruz de Tenerife,2017,0.2383,0.0803,0.14,2.9627,25.4994,9.8036,0.0015
38,Santa Cruz de Tenerife,2018,0.1401,0.08,0.14,6.123,21.656,8.428,0.001
38,Santa Cruz de Tenerife,2019,0.1847,0.08,0.14,2.551,21.656,8.428,0.0016
38,Santa Cruz de Tenerife,2020,0.3061,0.3653,0.18,2.2708,21.656,8.428,0.0019
38,Santa Cruz de Tenerife,2021,0.3061,0.3653,0.18,2.2708,21.656,8.428,0.0019
39,Cantabria,2012,0.239,0.2693,0.2137,2.4345,19.2809,11.6095,0.0162
39,Cantabria,2013,0.3139,0.2295,0.1857,1.6817,16.4569,9.9966,0.0126
39,Cantabria,2014,0.3421,0.1846,0.2007,3.1393,18.1328,9.2826,0.0079
39,Cantabria,2015,0.2647,0.421,0.5191,2.2723,20.093,9.8909,0.0108
39,Cantabria,2016,0.2388,0.1659,0.2543,1.5082,17.1089,8.8622,0.0073
39,Cantabria,2017,0.2944,0.1135,0.2194,2.1162,20.252,9.9667,0.009
39,Cantabria,2018,0.2142,0.0883,0.1128,1.2858,19.4616,9.9247,0.0066
39,Cantabria,2019,0.2711,0.1537,0.7645,2.369,19.4616,9.0517,0.013
39,Cantabria,2020,0.183,0.0949,0.5335,2.6751,19.4616,10.3318,0.0057
39,Cantabria,2021,0.2199,0.1224,0.2216,1.441,19.4616,8.7481,0.0047
40,Segovia,2012,0.4654,0.1264,0.1242,2.6689,19.2809,12.0044,0.0046
40,Segovia,2013,0.373,0.0973,0.131,2.2899,16.4569,10.3196,0.0039
40,Segovia,2014,0.4214,0.0835,0.1288,2.4495,18.1328,10.5768,0.0034
40,Segovia,2015,0.4262,0.0959,0.1279,2.3283,20.093,11.9113,0.0042
40,Segovia,2016,0.0895,0.107,0.0454,0.7721,23.6048,9.9329,0.0016
40,Segovia,2017,0.091,0.1135,0.0538,0.7423,11.552,10.099,0.0015
40,Segovia,2018,0.0924,0.1022,0.0622,0.7124,13.4462,10.0119,0.0014
40,Segovia,2019,0.0938,0.0927,0.0707,0.6826,15.5643,10.1008,0.0013
40,Segovia,2020,0.0953,0.1045,0.0791,0.6528,17.6824,9.2795,0.0012
40,Segovia,2021,0.2212,0.1261,0.0914,1.0774,19.8005,8.9434,0.0016
41,Sevilla,2012,0.8611,0.1264,0.2314,2.6927,28.9829,14.2155,0.0068
41,Sevilla,2013,0.6361,0.0292,0.1642,2.3835,24.7135,13.1585,0.0049
41,Sevilla,2014,0.6549,0.0868,0.1358,2.1019,21.5675,11.978,0.0048
41,Sevilla,2015,0.7932,0.2183,0.1583,2.6005,26.497,15.3674,0.0068
41,Sevilla,2016,0.62,0.1227,0.085,1.3845,24.5003,10.8597,0.0044
41,Sevilla,2017,0.8719,0.1205,0.1003,2.0655,30.1661,18.8221,0.0053
41,Sevilla,2018,0.413,0.0834,0.0611,1.0093,24.5793,15.224,0.0026
41,Sevilla,2019,0.7775,0.0927,0.0998,2.9345,22.6352,10.8037,0.0048
41,Sevilla,2020,0.7058,0.0985,0.0855,2.702,22.6769,10.1222,0.0042
41,Sevilla,2021,0.6664,0.1825,0.1817,2.5194,25.1946,10.4775,0.0057
42,Soria,2012,0.1575,0.1264,0.0863,1.3876,20.1048,12.0044,0.0019
42,Soria,2013,0.03,0.0973,0.0484,1.1465,19.2453,10.3196,0.0026
42,Soria,2014,0.0451,0.0835,0.0497,1.1751,18.3859,10.5768,0.0025
42,Soria,2015,0.0601,0.0959,0.051,1.2037,17.5264,11.9113,0.0025
42,Soria,2016,0.0752,0.107,0.0523,1.2323,16.667,9.9329,0.0024
42,Soria,2017,0.0902,0.1135,0.0536,1.261,15.8075,10.099,0.0023
42,Soria,2018,0.1053,0.1022,0.0549,1.2896,12.114,10.0119,0.0022
42,Soria,2019,0.1203,0.0927,0.0562,1.3182,10.7238,10.1008,0.0022
42,Soria,2020,0.1354,0.1045,0.0575,1.3468,9.3337,9.2795,0.0021
42,Soria,2021,0.2354,0.1261,0.2355,1.7443,7.9435,8.9434,0.0021
43,Tarragona,2012,0.5462,0.134,0.1166,3.6942,21.0039,13.0082,0.0038
43,Tarragona,2013,0.5838,0.1304,0.1153,3.8048,16.1933,11.0415,0.0036
43,Tarragona,2014,0.5933,0.1717,0.12,3.1702,19.9282,10.5598,0.0036
43,Tarragona,2015,0.5952,0.1599,0.1139,3.7695,23.9742,12.6973,0.0039
43,Tarragona,2016,0.5872,0.1483,0.1231,3.0493,18.4981,9.7662,0.003
43,Tarragona,2017,0.5792,0.1481,0.1168,3.3936,19.0479,10.2276,0.0026
43,Tarragona,2018,0.5729,0.147,0.115,3.0993,18.3206,8.8133,0.0025
43,Tarragona,2019,0.5746,0.1496,0.1184,2.9201,19.5354,8.6045,0.0025
43,Tarragona,2020,0.5796,0.155,0.1132,2.4026,18.0603,7.7088,0.0022
43,Tarragona,2021,0.9916,0.1506,0.1291,2.4102,16.8323,8.0122,0.0023
44,Teruel,2012,0.4654,0.1264,0.1242,2.6689,19.7185,10.5968,0.0046
44,Teruel,2013,0.373,0.0973,0.131,2.2899,15.5877,8.1048,0.0039
44,Teruel,2014,0.4214,0.0835,0.1288,2.4495,17.3152,8.3016,0.0034
44,Teruel,2015,0.4262,0.0959,0.1279,2.3283,17.2548,8.4984,0.0042
44,Teruel,2016,0.3548,0.107,0.0951,1.8518,16.6075,4.9503,0.004
44,Teruel,2017,0.4529,0.1135,0.13,2.1162,17.7608,5.2688,0.004
44,Teruel,2018,0.3482,0.1022,0.1128,1.8498,14.4323,6.0666,0.0026
44,Teruel,2019,0.4173,0.0927,0.1184,2.0242,15.0582,6.7332,0.0042
44,Teruel,2020,0.416,0.1045,0.1219,2.011,14.2159,6.9509,0.0034
44,Teruel,2021,0.3667,0.1261,0.1327,2.0412,15.9673,7.3622,0.0036
45,Toledo,2012,0.4972,0.1009,0.2103,2.2187,11.7823,5.5551,0.0025
45,Toledo,2013,0.7,0.0648,0.7,0.7068,9.8777,5.3548,0.0013
45,Toledo,2014,0.4796,0.0337,0.1016,1.216,11.2527,5.2863,0.0014
45,Toledo,2015,0.204,0.0278,0.0516,0.9531,13.4691,6.5981,0.0021
45,Toledo,2016,0.2222,0.0725,0.0126,0.194,12.5484,5.4825,0.0004
45,Toledo,2017,0.6878,0.1106,0.186,0.6563,25.6049,9.1069,0.0016
45,Toledo,2018,0.2485,0.0374,0.1695,0.4834,21.6109,9.9979,0.0014
45,Toledo,2019,0.304,0.0247,0.0304,0.5585,10.496,6.2151,0.0013
45,Toledo,2020,0.3123,0.0354,0.0299,0.5697,11.4472,5.6965,0.0011
45,Toledo,2021,0.3307,0.0053,0.0324,0.5974,13.0672,6.9368,0.0016
46,Valencia,2012,0.401,0.141,0.1114,2.4445,22.3915,12.0044,0.0034
46,Valencia,2013,0.3523,0.1122,0.077,2.8017,16.7353,9.3867,0.0019
46,Valencia,2014,0.3264,0.0795,0.0681,2.5864,19.3018,10.7997,0.0018
46,Valencia,2015,0.4365,0.1392,0.0823,2.4324,21.6018,12.1532,0.0155
46,Valencia,2016,0.2845,0.0988,0.0533,2.0514,18.5564,10.9926,0.0266
46,Valencia,2017,0.3062,0.094,0.0835,2.6771,17.0101,9.2328,0.012
46,Valencia,2018,0.3087,0.1051,0.092,2.1097,16.0908,9.6185,0.0103
46,Valencia,2019,0.2776,0.0526,0.0735,1.9857,19.6899,10.6988,0.0102
46,Valencia,2020,0.3013,0.148,0.0673,1.2448,19.0637,11.494,0.0103
46,Valencia,2021,0.2704,0.0893,0.0627,1.2734,17.2705,9.7203,0.0099
47,Valladolid,2012,0.0698,0.1264,0.0385,0.995,14.0081,12.0044,0.0101
47,Valladolid,2013,0.1998,0.0973,0.0749,1.346,16.4569,10.3196,0.0585
47,Valladolid,2014,0.3297,0.0835,0.1113,1.697,18.9057,10.5768,0.0355
47,Valladolid,2015,0.2291,0.0959,0.1852,0.7712,21.3545,11.9113,0.0336
47,Valladolid,2016,0.035,0.107,0.0453,0.4713,14.2903,9.9329,0.0043
47,Valladolid,2017,0.1076,0.1135,0.0653,0.9466,17.7003,11.9791,0.0031
47,Valladolid,2018,0.1376,0.1022,0.107,1.2798,16.6428,10.6588,0.0078
47,Valladolid,2019,0.1675,0.1254,0.1486,1.613,16.5156,10.6588,0.0124
47,Valladolid,2020,0.1532,0.0581,0.2366,1.0095,16.3885,10.6588,0.0229
47,Valladolid,2021,0.2436,0.0606,0.1621,1.8955,16.2613,10.6588,0.023
48,Bizkaia,2012,0.7331,0.1629,1.2957,8.418,19.2809,11.9422,0.0498
48,Bizkaia,2013,0.6597,0.344,0.8359,8.1352,16.4569,12.9973,0.0375
48,Bizkaia,2014,0.6507,0.0987,0.6943,6.428,18.1328,9.3374,0.0351
48,Bizkaia,2015,0.7061,0.088,0.8914,5.3647,20.093,11.1304,0.0349
48,Bizkaia,2016,0.3923,0.1325,0.746,5.9944,17.1089,8.7855,0.0247
48,Bizkaia,2017,0.5794,0.1671,0.9283,6.5358,17.9426,10.099,0.0228
48,Bizkaia,2018,0.5011,0.1432,0.7323,6.0758,16.5731,9.5565,0.0209
48,Bizkaia,2019,0.4817,0.0795,0.7323,5.6062,17.0803,11.4073,0.0189
48,Bizkaia,2020,0.3959,0.0951,0.576,4.9519,17.5875,10.9919,0.014
48,Bizkaia,2021,0.5618,0.094,0.6921,5.088,18.2621,11.2742,0.02
49,Zamora,2012,0.1291,0.1264,0.0555,1.3364,11.2732,4.4812,0.0018
49,Zamora,2013,0.1338,0.0973,0.0568,1.3772,8.0054,4.5269,0.0018
49,Zamora,2014,0.1385,0.0835,0.0581,1.4179,8.4556,4.504,0.0018
49,Zamora,2015,0.1432,0.0959,0.0594,1.4587,9.1532,5.7204,0.0018
49,Zamora,2016,0.1479,0.107,0.0607,1.4994,7.5013,4.0954,0.0018
49,Zamora,2017,0.1527,0.1135,0.062,1.5402,15.1522,4.8965,0.0018
49,Zamora,2018,0.1574,0.1022,0.0633,1.5809,10.6912,4.2097,0.0018
49,Zamora,2019,0.1621,0.0927,0.0646,1.6217,7.1465,3.9415,0.0018
49,Zamora,2020,0.1668,0.1045,0.0659,1.6624,7.7199,3.8328,0.0018
49,Zamora,2021,0.1715,0.1261,0.0672,1.7032,9.1712,4.3051,0.0018
50,Zaragoza,2012,0.4654,0.1264,0.1242,2.6689,18.7762,12.3014,0.0046
50,Zaragoza,2013,0.2798,0.0973,0.058,1.1802,13.9919,10.1915,0.0025
50,Zaragoza,2014,0.3661,0.0835,0.0713,1.1707,17.6801,11.5736,0.0034
50,Zaragoza,2015,0.3605,0.0959,0.0722,1.2333,19.7688,13.1337,0.003
50,Zaragoza,2016,0.3438,0.1161,0.0802,1.2923,18.207,11.5679,0.0029
50,Zaragoza,2017,0.3728,0.1672,0.1754,2.2716,18.708,13.496,0.0036
50,Zaragoza,2018,0.4018,0.2183,0.2705,3.2508,13.9106,10.2728,0.0042
50,Zaragoza,2019,0.4309,0.2695,0.3657,4.2301,16.4758,10.3165,0.0048
50,Zaragoza,2020,0.4599,0.3206,0.4609,5.2094,12.1989,10.8327,0.0055
50,Zaragoza,2021,0.5665,0.3717,0.4441,3.1546,13.2917,10.8091,0.0045
